y_arma11,y_arma14,y_arma41,y_arma22,y_arma50,y_arma02,y_arma11c,y_arma14c,y_arma41c,y_arma22c,y_arma50c,y_arma02c
-2.047076594847129505e-01,1.394072226185005814e+00,-7.618372133529949242e-01,-4.064523617925941412e-01,-9.835047173983663127e-01,6.143504692328910499e-01,4.259432631872511976e+00,6.738236941732065333e+00,3.921172305736134511e+00,4.841410872820988587e+00,3.567921955380871424e+00,5.020264181479198839e+00
2.537649126243639586e-01,4.567375047627768581e-01,-1.169637832882710837e+00,-2.904655508294423649e-01,1.933152260847050830e-01,6.429869148939288959e-01,4.398428009976181663e+00,7.368314202772689114e+00,5.710735793018799633e+00,4.558666615338087702e+00,5.627433726992007834e+00,4.271942218168720551e+00
-1.614848622683232593e-01,-1.272326703442733020e+00,-2.554150415613765990e+00,4.377894222244522737e-01,-3.224625683687642463e-01,-5.829343493568055479e-01,3.894220064383869140e+00,6.410706525591642446e+00,6.653104231835761162e+00,4.369696549146111941e+00,5.441687121317324127e+00,3.719432040526521988e+00
-8.586475013185908001e-01,-9.458320913213407177e-01,-1.416810339850927303e+00,1.292133237669666368e+00,-2.434714935535151170e+00,3.225999093088858238e-01,4.254945463650283699e+00,6.774751472682821074e+00,5.813209651463687067e+00,4.848351385863497676e+00,3.693440719499076152e+00,5.799271295947738381e+00
1.127289339992149531e+00,-6.883717809906886309e-02,-2.004237998790744379e-01,1.802924788488173835e+00,-1.990610824223469688e+00,-4.553547958839088139e-02,4.888509710140729325e+00,4.026927273300911381e+00,5.506526563168436361e+00,4.708763021171975538e+00,2.747097130265434117e+00,5.199862796144467225e+00
2.926896038343052453e+00,-8.584562919036571316e-01,-1.274069813257600048e+00,-3.157042843910953245e-01,-2.664447937057306537e-01,5.833794675456231982e-01,6.113454539016629496e+00,2.075139727032464076e+00,6.999617863858643929e+00,4.004972492948537521e+00,4.783782184444534735e+00,5.428226532398704229e+00
2.775771947041553389e+00,-1.796823860810985218e+00,-3.435812286850086217e+00,3.328747540357390733e-02,1.713166700014398525e-01,1.287328621636036230e+00,5.768913584533245320e+00,5.364144882553992133e+00,6.220457380072277331e+00,3.279857874780836013e+00,4.382208504444793817e+00,5.760983622424916462e+00
2.396092869971668371e+00,-1.374140342963602990e+00,-3.324410934220093150e+00,6.241378334643329362e-01,-1.008235022896845523e+00,-2.571874757040344406e-01,6.783227456396678789e+00,6.453556693243497122e+00,4.760031787665699454e+00,1.397159712575776425e+00,3.955895170740390210e+00,4.892141935490703197e+00
2.664703373581160939e+00,-2.274295006054620760e+00,2.847437087200943573e-01,-1.677062469844210035e+00,1.071593491473754156e+00,5.943089576180543565e-02,8.764846998978599757e+00,3.134175247222279470e+00,4.618905799269997559e+00,3.832999293510881422e+00,4.169523377113049989e+00,4.820177423393641192e+00
3.514120165236296778e+00,-1.695939107720390027e+00,5.749749943751869541e-01,-1.372251161366488947e+00,1.414936450756299369e+00,8.067203104089537558e-02,6.664487842459541511e+00,2.089710848527895237e+00,7.375027854593720456e+00,8.576140496669221847e+00,6.748639486536131216e+00,2.669498198821129265e+00
4.079031639245426888e+00,-1.383046694106316643e+00,-2.344893313337678364e+00,-6.250943658791197066e-01,1.328692743772108553e+00,1.289696408214198620e+00,5.123872851709446508e+00,4.754158166466891267e+00,7.226677542929837550e+00,7.811349700243606975e+00,6.399961038027319304e+00,2.505802874791816404e+00
2.115568895475858469e+00,-1.285696195785905438e+00,-5.410382313438887536e+00,-9.582233749130679712e-01,-4.514660067096110119e-03,6.906817862356203763e-01,4.624298391542023268e+00,4.532322449938698483e+00,5.895034864771226069e+00,4.201755661206154180e+00,3.841171273307598000e+00,3.901458429730415567e+00
1.407990916849725771e+00,-4.315387699941466426e-01,-2.434441803202209265e+00,-2.143241193463119032e-02,1.991430048897706306e-01,-3.245252085642316153e-01,3.298440951207899374e+00,3.023850958378810461e+00,6.011888360633887984e+00,2.048413650493551952e+00,5.931427026305052586e+00,5.352527421085418347e+00
1.381153138273853553e+00,1.084288569595046825e+00,1.475497484267841219e+00,1.675123411059225242e+00,1.269439435330158350e+00,-1.045172753525086096e+00,3.103686242816811269e+00,4.080448938513448809e+00,6.668471493814188022e+00,3.319703108792884105e+00,7.769291575371815028e+00,3.920245059994244663e+00
2.468901196498200612e+00,4.531380836694007819e-01,9.757983087292942947e-02,1.159459620823442894e+00,1.329155575330689176e+00,-1.830503306089610316e+00,3.658159191813463718e+00,6.346035248965537612e+00,7.077166516280438913e+00,4.554699042844648105e+00,5.492605970846351937e+00,4.318612795940402371e+00
3.211626130273146806e+00,-2.190557335162672814e+00,-4.025770289739019070e+00,2.374106873340321999e-01,-1.204791600774974603e+00,-3.953349523769545404e-01,3.372537397371419665e+00,4.291890175742812730e+00,4.582735795002996326e+00,8.003629851130945383e+00,3.299960257085285065e+00,5.863216575797151719e+00
7.173325572515190096e-01,-1.440903136015097230e+00,-4.563025185706399256e+00,-7.098001117370973390e-01,-4.208258195771115151e-01,2.594451641987153057e+00,4.269616605460259784e+00,1.966875208797961960e+00,3.226094930911747038e+00,6.020287567355888214e+00,3.980251475991546606e+00,6.606646644611915420e+00
-5.344161775827541705e-01,6.575126326774392016e-01,-5.766210270892349055e-01,2.080044842860721221e+00,2.597569170595709132e+00,1.316246656649133762e-01,3.840933541237355975e+00,5.846674991729185145e+00,4.098018048564538773e+00,1.600830935090639340e+00,4.628502633768053265e+00,3.585462029244003368e+00
1.138068288338715872e+00,5.410281705276032138e-02,2.214383099182643644e+00,1.981718727958543980e+00,1.324496153816917765e+00,-1.821106292140853622e+00,2.401856988014751781e+00,6.656277522679868497e+00,4.283437503067081487e+00,1.384202228703339088e+00,5.999512681027482586e+00,1.528291132932185992e+00
9.991403387521696766e-01,-3.811617114262618733e-01,1.206231109078025332e-01,-2.586171993187720286e+00,-6.952960055817554164e-01,8.046298768301501925e-01,2.150521954723291884e+00,3.733293634828790175e+00,4.514158688834689848e+00,2.548048973349378521e+00,4.355070413414093622e+00,4.427199029031395838e+00
5.611440100001430231e-02,5.262380750425947884e-01,-4.953603576685280174e+00,-4.320037329811370341e+00,-1.907598969450934878e-01,1.078018569695111006e+00,2.658257906111644253e+00,4.382200981413503449e+00,5.859367423091468297e+00,4.029777956216626933e+00,5.067531354897734985e+00,4.945705073361552628e+00
3.301613052297283080e-01,1.746862891830231190e-01,-8.118789816136265713e+00,-3.003177430316123608e+00,7.712387043869173286e-01,-8.794142886128657466e-01,4.258293663630688286e+00,6.153065962604465255e+00,7.355119360103516968e+00,8.075010494827537855e+00,4.923466375553967822e+00,4.909788839978878272e+00
3.663509651997356009e+00,-2.874794400657883831e+00,-3.617695985036166295e+00,3.937863948442860362e+00,5.309231030866371492e-01,-1.234990868812363196e+00,4.339908625421151633e+00,5.340219971922238074e+00,5.515921408322084218e+00,7.798414613260440831e+00,6.873233673651917286e+00,5.826629709744591601e+00
2.863535086443184330e+00,-2.579467235640812373e+00,9.915726649245656388e-01,7.298812062776931064e+00,3.223797297234991532e-01,2.727270606602266056e+00,4.237569677073842023e+00,3.860558543165812484e+00,4.509396332971866705e+00,4.004854402537130653e+00,5.452430701800734525e+00,4.871357265495228184e+00
1.213134378267162194e+00,2.413579806889863677e-01,1.303675711696500095e+00,2.444639467618931139e+00,8.915073927774813667e-01,5.015301818356774355e-01,4.572111121969630432e+00,4.512712257921455361e+00,5.355957290748269983e+00,4.794247150280836145e+00,3.660108072753280872e+00,2.429556238521846101e+00
8.319915033095108825e-01,-5.188516244935168498e-01,-5.687570288109577099e+00,-3.038003124026212198e+00,-8.719733907399778161e-01,-1.464298441207599888e+00,4.048062396070275071e+00,5.403303064625879060e+00,6.407665900443154428e+00,3.134788283354405625e+00,4.228899286686077730e+00,5.406063202984769944e+00
9.700496358803372132e-01,-2.724024236513598485e+00,-7.053649446370279463e+00,-3.612813816796582422e+00,2.879464430993161628e-01,3.946224160478077891e-01,4.524770878655016482e+00,3.790844656041213234e+00,7.195887404329030623e+00,2.361511342912992362e+00,3.900621344854551253e+00,6.058011910665634048e+00
1.357224041730048292e+00,-3.094356072793469803e+00,-1.008363536011465111e+00,1.046340672032861185e+00,2.368592569932105540e+00,-3.138197009761437006e-01,4.525455283146967211e+00,3.669994645124985411e+00,6.551577792201502604e+00,7.779296198399536344e+00,3.376143193000717524e+00,3.340663942774611428e+00
1.202178532925514798e+00,-1.850307710282078411e+00,3.886862348001593581e+00,1.589445207794040638e+00,1.217857516123329376e+00,-9.122994252851901464e-01,4.653375618486451870e+00,5.177928739455077256e+00,5.315906173013113190e+00,6.297915587978544671e+00,1.981820108745978359e+00,5.388309049864337119e+00
2.245772790529634744e+00,-1.516478417599159689e+00,-3.673322539992259772e-01,-5.204825623456811323e-01,-1.025887496633735574e-01,2.428428862906994556e+00,4.180686233113284800e+00,3.392074251314660671e+00,5.699029251570543408e+00,5.296396093445561171e-01,4.542328457752607740e+00,6.241995262291350599e+00
1.441119035565789019e+00,-1.826409292124326900e+00,-5.940822212463316099e+00,9.652051478386654004e-01,4.052444759094278592e-01,1.610732939294483357e+00,7.038160704560359804e+00,3.766346935888272185e+00,5.999371763645894973e+00,1.156864407980374487e+00,5.145335831238891267e+00,4.119984700183874970e+00
-5.465696330630986921e-05,-1.719338771172416624e+00,-6.508425086827772432e+00,2.181828702209119619e+00,1.108177098201627686e+00,-1.781879468348538165e+00,4.807427395222168443e+00,4.255280106544435448e+00,7.009375617216063503e+00,5.319221720194350134e+00,4.137737097068861836e+00,3.233320057309073015e+00
-2.661176385278094525e+00,-1.395987375772736572e+00,-1.270103392180482293e+00,1.110821262560730549e-01,-1.029079612725555704e+00,-1.728302907832516833e-01,3.457531085129489146e+00,7.444270232949445898e-02,4.591567366097629943e+00,5.417009442651861129e+00,3.131299035156449584e+00,3.515272342145693507e+00
-4.686224156394166229e+00,-1.850331606786910887e+00,2.184759340112722548e+00,-2.041081623865537598e+00,-1.542782696707952095e+00,4.958978337833580552e-01,3.116982008029290707e+00,1.386033864121762438e+00,3.652533172280717277e+00,4.691688663117650648e+00,4.512583138494862922e+00,4.507587864330768745e+00
-5.026691791720129920e+00,-9.200819435921131495e-01,-3.295321237037073248e-01,9.793109676417566245e-01,7.543043591655398394e-01,-1.011195992545088629e-01,3.457098235710537537e+00,6.072136861732305491e+00,3.598198391522849704e+00,4.228970068897724310e+00,4.217642302531045218e+00,5.607026952466911851e+00
-3.511138640213175677e+00,-9.744145346579490274e-01,-5.043254897882221144e+00,6.789267989097658162e-01,3.161919450570618739e+00,-1.171798760336695056e+00,5.461214551316098564e+00,5.287352572723380106e+00,4.399439539341724270e+00,3.500205802814739364e+00,5.656071780409133609e+00,4.741463207851571049e+00
-3.703237619293762606e+00,-4.488315090217093406e+00,-4.263381366707646336e+00,-1.872655445832931420e+00,1.413418391066827429e-01,-5.997420261799208951e-01,6.633267216554529888e+00,2.943362263037925697e+00,4.342340090444274381e+00,4.751667085587318873e+00,4.529073913784968042e+00,3.139337629007510788e+00
-3.100678161902563179e+00,-2.501030560910059375e+00,3.785869496888828040e-02,-1.776633578233102195e+00,-6.457530033435663341e-01,3.069899785414676785e+00,5.720232385386712970e+00,5.392964007325415032e+00,4.158870978293465193e+00,5.953350079983978915e+00,3.232746935335669036e+00,5.658934085315204143e+00
-3.347081575849270241e+00,-1.875566408155557863e-01,1.373805813135958065e+00,-1.175124539027547321e+00,-3.084582261338173481e-01,2.304849343261525796e+00,5.650071425020970040e+00,4.727432440567961081e+00,1.757391563622786812e+00,5.363571028525146112e+00,2.433652791019824235e+00,5.946684745186741949e+00
-2.549657823098020692e+00,-1.580664376558950313e+00,-2.049692467577199473e+00,1.306927984545027899e+00,4.255303096775275296e-01,-2.131719678615784375e-01,6.492867362025509514e+00,1.882685262636422330e+00,4.711271395093374892e-01,5.254387646473789530e+00,4.361070860586611531e+00,6.288490364663671173e+00
-4.155153224244512167e+00,-1.638103590486665206e+00,-6.264898634428782920e+00,1.951636392749369175e+00,-1.053489723650152143e+00,3.729657763428335659e-01,6.853313246252220381e+00,3.201130691610447609e+00,2.033728470151814793e+00,4.500078973468650823e+00,4.296945244227881489e+00,2.029974511760805456e+00
-4.141704456103339815e+00,-1.009012869991860128e+00,-5.401447994645364403e+00,-2.514643434433179170e-01,-2.706026508554485677e+00,3.268482030258669235e-01,6.328235046023614530e+00,4.065915530392780752e+00,5.646001626406993879e+00,4.280884981122723865e+00,3.923160234900610277e+00,-2.746902120133274394e-01
-4.718113904319100271e+00,-1.802684091603253602e+00,-1.506657146317793128e+00,-1.004083775292140324e+00,-2.609366810774318424e+00,7.097452710287838196e-01,5.863057920820553548e+00,3.192879991044643706e+00,4.833576665416503104e+00,4.142242653072422343e+00,3.255009115094919636e+00,4.959172727951663973e+00
-5.049019775254446785e+00,-1.381563077028357345e+00,-3.607815631934928047e-01,1.537058909742779811e+00,-2.307742759492474427e+00,-1.690775288074841898e+00,5.308433259777813440e+00,3.269680422232153827e+00,1.538660360555280437e+00,1.342948121733243294e+00,5.136919446565984870e+00,5.150108154036455943e+00
-5.433552651702445502e+00,2.818885562711461595e-02,-3.279417244823288780e+00,1.545791434687723953e+00,-1.477440056825851222e+00,8.359621473279092996e-01,5.133107815890593173e+00,2.991393703367608570e+00,-1.508745328376193129e-03,2.571244256838248088e+00,4.478464671550294263e+00,3.667520676780307909e+00
-4.246275329602492654e+00,-6.130663520806219902e-01,-5.845062440614009702e+00,-1.952098650681894920e+00,-1.746264638512076361e+00,4.958869789032507303e-01,5.315079959506445739e+00,3.972743925412632215e+00,2.793269678504993969e+00,5.584940290483441316e+00,3.892535432986085731e+00,4.697240467623889693e+00
-2.706499974809537967e+00,3.924922185885181269e-01,-4.105156923265348645e+00,-2.044592367564284530e+00,-3.178980144414182973e+00,-1.493057516814380037e+00,5.021757939751064548e+00,6.339447365323519712e+00,4.945394441279042930e+00,5.264834653484440352e+00,3.886343321092996739e+00,4.424725523759203583e+00
-2.651467077068968337e+00,2.492099512157600394e+00,-7.841257565010855135e-01,-1.377536061630622699e+00,-3.839461700572829983e+00,2.582115106873133392e+00,5.587764431662366249e+00,5.405066853022743700e+00,3.860237202046897576e+00,4.107108869533949047e+00,5.487652977036795221e+00,4.996723475156893635e+00
-1.921174944783671457e+00,9.412006395738453657e-01,-2.625864606616614139e-01,-1.331777564711734918e+00,-3.478711161053920531e+00,3.905701109020744077e+00,5.133713232906468527e+00,4.494368763835435487e+00,1.307926951608490818e+00,3.830865832317300601e+00,5.178034455680792902e+00,4.871516117668107881e+00
2.481098347911347979e-02,4.798757746073647468e-01,-4.210669215598828785e+00,1.519657317589790058e+00,-2.204219357018443404e+00,6.409508337405409595e-01,5.855966104246856929e+00,4.718316150574986878e+00,-1.208460825345432532e+00,3.876182703520312245e+00,5.371607561800637143e+00,4.279769579332299401e+00
5.608947015146614756e-01,3.307660883373833016e+00,-5.302269633643058810e+00,1.154513370240555892e+00,-2.508472975056526444e+00,-9.069255698958078593e-01,7.453500872994089477e+00,6.136685070718774782e+00,1.577779596919128835e-01,5.811348619317231012e+00,4.013359064508622787e+00,4.274173284761452862e+00
6.918019772089871733e-01,1.466478696550987060e+00,-3.621146700997774914e+00,-1.135210265489079218e+00,-2.270093923835809324e+00,-2.154054312539678939e+00,8.548631459854339809e+00,8.580677927587142761e+00,3.573725713298052664e+00,7.419094220950942287e+00,2.303293360327956396e+00,2.738280109656968442e+00
5.933258203294379252e-01,-1.131123560438463294e+00,-1.605861339065546733e+00,7.302998686819985874e-01,-2.052409032866207905e+00,8.576733138557379732e-01,8.266456399981672476e+00,6.358139262462048080e+00,2.805261999954582031e+00,6.240747420223196507e+00,3.704750869121015366e+00,4.521147653224271146e+00
1.445654395659279334e+00,2.089564369019220602e-01,-6.108205565391249259e-01,1.528236749888444379e+00,-2.038589923301223017e+00,3.072549047348906104e+00,6.531145968474424635e+00,3.659707778937812517e+00,1.361490758831767067e-01,4.413772251719586315e+00,3.702561277299750042e+00,5.074465917376252300e+00
2.763119467305571675e+00,1.169930847882693303e+00,-3.410135203575566987e+00,1.227364972010502875e+00,-3.034243912264597220e+00,-2.259853471281571657e+00,6.228711353324530187e+00,5.390345214270871210e+00,-7.765975881852327234e-02,3.032668654013583875e+00,3.620297372992901774e+00,3.283416564361951284e+00
1.617596157559101577e+00,9.274198691471613465e-01,-4.341813534124731255e+00,1.443200242866820027e+00,-1.215922849984176546e+00,-3.882836332642096711e+00,5.969829029753539906e+00,7.359973068273208519e+00,2.975172798878382707e+00,3.885288949269857905e+00,3.261339717609219591e+00,4.941919813889841251e+00
-6.576508653258905657e-01,1.632997792991522701e+00,-4.102480222204741622e+00,-2.327795448610795681e+00,-1.266255394890709374e+00,-1.779812888348156319e+00,3.960817346595896460e+00,7.353020846842392544e+00,4.432314530601575875e+00,6.348169316565152265e+00,2.502149813883460361e+00,6.128471791598121499e+00
-1.013240803735802720e+00,-8.014628681214885919e-01,3.914986840899608023e-01,-4.182871213923220921e+00,-2.436187298675244417e+00,9.875968433588133699e-02,4.923257732371997264e+00,5.474074476059730188e+00,2.808478061409179993e+00,6.312024025740812228e+00,2.064002107289165000e+00,4.387602522912947833e+00
6.197151744087525671e-03,-3.149234092173039290e+00,-1.654102488856168396e-01,-3.412852847139776769e-01,-1.374484405133386211e+00,3.008339685703273148e+00,7.066411960496671973e+00,5.893878504480789537e+00,-6.355295163345058285e-01,4.776525929809087856e+00,1.379400472880342399e+00,2.425387915421347351e+00
-3.904493631610488347e-01,-1.264212846324544781e+00,-2.225130675970304672e+00,3.537047195554293033e+00,-1.110739285306775681e+00,1.763013865152736503e+00,7.669229880295137747e+00,7.033887082352526576e+00,-9.855532089657677020e-01,2.673791490967353468e+00,2.979947600959134135e-01,4.784590574609719482e+00
3.385595454556619144e-01,8.543168756601032809e-01,-3.998827467911055589e+00,2.792529087814373145e+00,-8.980532521212727382e-01,-3.434307464143248279e+00,6.673272479165506255e+00,3.658839214659448835e+00,2.051941196236152010e+00,1.813070366847800763e+00,1.733569923426339532e+00,6.495342894923719967e+00
5.457907858885177044e-01,1.406319903308074881e+00,-4.003999994455309519e-01,7.598421744986119108e-01,-2.194432074523071652e-01,-1.521827718638907589e-01,6.771372674723006746e+00,3.146117206284628320e+00,5.052401051425629674e+00,3.103934056600683000e+00,2.788192216146352820e+00,5.148535415200887755e+00
4.558412795895108172e-01,1.104444297834388106e-01,3.593332594690472170e+00,-4.491949968717320330e-01,-1.249186860862924187e+00,4.848963876141733631e-01,7.417506132955815623e+00,5.706804425219697663e+00,1.215304517010837859e+00,4.780543049014910117e+00,1.268904798642988663e+00,4.344918043171323241e+00
1.029599828608850798e+00,-3.071971053391178708e-01,3.348362969849801640e+00,-3.252650131375099285e+00,-7.798963774535210280e-01,7.979538575667203260e-01,4.762983994516790887e+00,5.907165620073715040e+00,-2.723269413874936262e+00,4.328361348759194094e+00,2.685950096418174837e-01,3.347897102570498884e+00
1.859740361719270263e+00,7.446068548254569652e-01,-5.897576147674848945e-01,-2.397830480271298192e+00,-2.495209820399826750e+00,4.455774218736996417e-03,2.135666466920343343e+00,5.503827401310089407e+00,-2.574279522444244961e+00,4.861401535483356184e+00,1.201085947131324438e+00,2.655449252937117421e+00
7.374741802790536482e-01,2.322398825206866135e-01,-6.388607919241395816e-01,1.558201954142270695e+00,-1.169242667594004637e+00,7.156079652442062233e-01,1.209797746695326470e+00,3.280608636259185751e+00,2.433976210884714053e+00,6.860566217677655843e+00,3.428522783072619262e+00,4.354001919376115026e+00
1.950582162144144371e-01,1.650484120201193838e-01,9.187050848428088834e-01,2.397232901981297459e+00,8.846211368723222446e-02,1.915130839190936074e-01,2.395860524137094050e+00,4.892194719829085159e+00,5.158820345845165356e+00,6.636110962149698977e+00,3.735949827975017179e+00,6.185136809968994065e+00
-2.166162878878472142e+00,3.580732411560659245e-01,3.184832216671074079e+00,1.162138682750387453e+00,3.518870334769913510e-02,-1.993834323159580979e+00,3.195440828486001195e+00,6.371795030099142387e+00,3.311349987162779396e+00,5.273050129739965008e+00,3.450213330997203176e+00,5.173169406007716020e+00
-3.083572858198748712e+00,2.049828050997768880e+00,1.369940080228404966e+00,-1.968064312283657191e-02,-1.465151629194636929e+00,4.167797826275298489e-01,3.621458553235387345e+00,5.113646283697613981e+00,-2.572042403930124621e+00,3.535381998201279075e+00,4.275033910035618945e+00,4.819187497449219038e+00
-3.759345714741513689e+00,3.866920217978569774e+00,-2.103677830170176843e+00,-4.413827482702351035e-02,-1.884494713061559690e+00,-1.664631160098111740e-01,3.824917394299513163e+00,6.739145715447541818e+00,-1.224305480377220867e+00,2.002436272864535738e+00,4.451854545236884952e+00,5.366281616039342950e+00
-4.578524685542856076e+00,1.778297781524767585e+00,-2.342573708673763022e+00,-1.198012191420462447e+00,-1.087814814573651923e+00,-2.086338604224302173e+00,4.904593866914863654e+00,6.667415099684595781e+00,3.719124336327231717e+00,5.253414586500423589e+00,3.973608202969440839e+00,3.507768606291574276e+00
-2.825684221751323832e+00,1.017035095562613956e+00,4.304519462972637434e-01,-1.308161149994459205e+00,1.808840797870643780e+00,-7.167306005669666913e-01,5.610262983927929881e+00,4.565759051248619471e+00,6.723464872045028073e+00,6.383075616093323745e+00,4.233965708217839463e+00,3.808504549699757824e+00
-1.019503719482324655e+00,4.065875506696979613e+00,1.787319612937320779e+00,3.785871797822473184e-01,-4.859598417414792149e-01,1.860761205100296634e+00,4.634366340916597160e+00,5.953031621103274773e+00,2.001161800363862930e+00,3.602337542990413866e+00,3.525568024920475274e+00,4.793193174110071730e+00
1.786485900516896486e-01,3.602429925837668634e+00,-3.578127110716021464e-02,1.737775079834363190e+00,-2.223910956932633187e+00,-6.312674771699231524e-01,4.791120446589096638e+00,6.647638521125486477e+00,-3.934713074554867518e+00,3.509959809463994773e+00,2.288498110193317281e+00,3.623256074928376869e+00
1.377030533515761768e+00,1.868948230854070580e-01,-2.055257803764826807e+00,3.105518687464257521e+00,-2.031096529580536103e-01,-1.283138892990953739e-01,4.735750670689223618e+00,6.241461733830655056e+00,-2.176226623923147585e+00,3.986486597268589449e+00,2.201362078044586390e+00,5.134844960398845970e+00
8.802257136493027989e-01,6.991610167673090181e-01,-9.424059896640493150e-01,2.691141223314705844e+00,5.549848900595336643e-01,9.033152868585698769e-01,6.019697038791218979e+00,6.081796153028275143e+00,3.477088450765858596e+00,4.767849061984209769e+00,2.942893996062047268e+00,6.421923977825514385e+00
-1.381855267987889269e-01,3.358675920631862155e+00,-1.269793476586484893e-01,-1.901853822405959127e+00,-6.386590191962148166e-01,9.989271146097631338e-01,7.635877472799798227e+00,3.757307194184470234e+00,4.359092498585787290e+00,4.700958837177121374e+00,3.883273996083135060e+00,3.670302715800173754e+00
-1.242603731882978346e+00,1.179047161150432732e+00,-6.655607401898910869e-03,-3.935150388695540347e+00,2.071500264828483040e-01,1.416157323149925595e+00,6.199934806643138785e+00,3.645732419870664209e+00,2.646933395806208011e-01,3.664391908397746533e+00,4.501513758231745932e+00,2.208611795199703742e+00
-1.980575304377616641e+00,-1.023312785625449362e+00,-1.076612247841705283e+00,-1.100154803106146773e+00,3.105740538097447878e-01,-1.219956835939274731e+00,5.805317603722761177e+00,4.728494949076917919e+00,-3.770431797980792865e+00,4.421206940584859524e+00,2.599085846756127083e+00,5.651612737237668327e+00
-1.516710654879326103e+00,-2.323655834268083531e-01,-1.979048757027759287e+00,1.308402345296668212e+00,4.294516415566843603e-01,-2.959675111221925503e-01,7.029773949233700137e+00,3.801580229547635970e+00,-1.745096512269221023e+00,5.483005158758310849e+00,3.949109605587119098e+00,7.534620038935655018e+00
-1.008203449196294788e+00,1.018038906638927266e-01,-1.753742555218650745e+00,1.038464361603437469e+00,-6.402963602107260010e-01,-6.128757175426360337e-01,6.356158567751506894e+00,1.796323243505194789e+00,2.363618419278969540e+00,5.121392245046798131e+00,3.177370768889981267e+00,4.039345223032076326e+00
-1.895911417887634620e+00,-1.353493576124875197e+00,-4.044122617485268467e-01,-1.680421006422703423e+00,-2.941734439100744392e-01,-1.290065374186450287e+00,6.494096475458992934e+00,3.748179576591863071e+00,4.345436684232513613e+00,6.504187099950051731e+00,4.161836780587097273e+00,3.639340715987385177e+00
-1.010428440734556510e+00,-2.913311355246178458e+00,2.987635913468410231e-02,-3.279635424953385225e+00,-5.459629222529611692e-01,1.379276987703866642e+00,6.519992428468716739e+00,3.821967605340175211e+00,-1.366874441741661173e+00,5.596444265884471747e+00,3.368739435092725110e+00,4.269651927955164794e+00
-3.836429733507790152e-02,8.992082546887900651e-01,1.676376391647645958e-01,7.869692148824878331e-01,1.483872795671443257e+00,-1.291049843292832566e+00,6.845329173990874594e+00,1.840953010689554414e+00,-4.601262519633495529e+00,2.963292356885109502e+00,4.284365403802065764e+00,3.582885009051824721e+00
1.133727084981246636e+00,1.667861749572196128e+00,-1.002822474434479805e+00,4.399034951128378168e+00,7.289220369490916340e-01,1.313710382185457659e+00,7.786877049577780596e+00,2.650399780779336911e+00,-2.175503178058279197e+00,4.858432397219559107e+00,3.588870920164624501e+00,3.967739611535218369e+00
3.028928456183230367e+00,-2.343504079657432904e+00,-1.735220721547379163e+00,1.502014569001267175e+00,-2.000598529814214821e+00,3.063481019302902730e+00,8.711264538275468539e+00,3.939224384803575507e+00,2.306019998494043044e+00,3.869607166962059530e+00,4.493807489500436070e+00,5.438974973144797609e+00
1.912884418398078434e+00,-1.017257808087804527e+00,-1.563967274598344614e+00,-5.979828118169634443e-01,-1.818763994069724443e+00,-8.957388571460802584e-01,7.842133100651661692e+00,4.706804462653856547e+00,2.062018851046009793e+00,2.013173749054140593e+00,3.174823864850833566e+00,5.055864408312224612e+00
1.936123025836812506e+00,-2.881807603031398823e-01,-6.322762488805152570e-01,-2.405318421708155241e-01,-1.117212170935864696e-01,-2.089224422518605184e+00,6.859814222292866859e+00,4.305888056446495860e+00,-1.504652401585079957e+00,2.724891608993822878e+00,1.953893529791669970e+00,5.706103435960124592e+00
1.618221552723499768e+00,-8.002646754975277776e-01,-1.541544171952438758e+00,-5.183997404836990786e-01,-1.770290809661849929e+00,-7.887086637616680385e-01,5.784084225940442359e+00,3.699792675914003404e+00,-2.693492530826771869e+00,3.368124005382250985e+00,3.150094770688928847e+00,3.256005576777363686e+00
2.080028156160730113e+00,1.305113373605160998e+00,-1.579242564349136346e+00,-1.031759963327423035e+00,-2.296390069112169030e+00,1.113842869659726453e+00,4.258537816670777687e+00,2.666290978369139530e+00,6.042940022593139560e-01,3.276888245125996413e+00,4.134579687760838063e+00,3.667555485766595069e+00
2.067576750771584759e+00,1.650518389633325311e+00,-4.526871086243589026e-02,-5.336818663506124327e-01,-4.757304941173887691e-01,-2.213097572202314289e+00,4.381036304112623014e+00,3.610682949304262923e+00,3.614310001038992581e+00,3.483275795388367513e+00,3.583129797372695435e+00,6.389563758440964136e+00
3.786017738921322096e+00,-4.475021169250421038e-01,1.094641211652286561e+00,1.816604243070493174e+00,-4.137960824756629630e-01,-6.128853266638312203e-01,4.872969010800280110e+00,4.909625339754276396e+00,2.644042578184392145e+00,4.099073312922418388e+00,3.757909776778407540e+00,6.151163093415396688e+00
3.483896602799633424e+00,-1.711015863873070142e+00,-5.104956170019500084e-01,2.859627247942449380e+00,6.568479639301256778e-01,2.204250097643947193e-01,3.773568767145410341e+00,5.060001513972095744e+00,-4.371107711584038213e+00,4.335962442428765939e+00,2.918503197900284896e+00,5.090574584299498717e+00
4.576394942912266117e+00,9.426496451287432743e-01,-3.019032842906256509e+00,1.798851426301030454e+00,1.871164952159827033e+00,2.498610384954699504e-01,4.798982163132473389e+00,5.230029489935797749e+00,-5.885922879260419904e+00,5.282686299998096580e+00,3.374482995803665730e+00,4.608386496870978455e+00
4.163200436344271615e+00,2.165441207107301036e+00,-2.376162131368675823e+00,-1.205931204947916502e-01,1.637935602027619009e+00,2.460981688298094383e+00,3.263146420542350601e+00,4.191488902458624821e+00,-1.815598761535365924e+00,6.212258418129863458e+00,3.817028694278706613e+00,3.317411050370447256e+00
3.928017036429528375e+00,1.333673631104955071e+00,-6.458178088186522503e-02,-2.614809517409372397e+00,5.404482446485152636e-01,9.982797489639411159e-01,1.248171468675097984e+00,4.857115197313684796e+00,2.164447559332587367e+00,6.784390463654808912e+00,3.026009329226857947e+00,4.269082725882513252e+00
3.342461135564160024e+00,1.813969413192768165e+00,1.271570493954519598e+00,-3.241552141702179313e+00,-4.107566534691116100e-01,4.554059273203924230e-01,1.474089932010937964e+00,5.396862418488866275e+00,-1.335624732277507221e-01,2.423500390873731813e+00,2.723503842105398753e+00,5.101459630326847794e+00
1.799652716973078714e+00,6.944756218125078817e-01,-4.194005994748716826e-01,-1.083790345331692162e-02,6.616246977677542329e-03,-1.257618932044302751e+00,3.330856688646777641e+00,4.323617273943575867e+00,-3.618646261984713064e+00,1.108704578913731531e+00,2.418932105367774810e+00,5.699769803981489247e+00
1.672723233610053040e+00,-4.900712705065462388e-02,-2.612987182637256378e+00,3.631112288887047956e+00,-1.299422808443320698e-01,-2.561113511042099944e+00,5.022410746851131869e+00,5.238189687817999207e+00,-5.493461308644601360e+00,5.161521639309377463e+00,1.877491626970969385e+00,4.035544796621502783e+00
1.611958406255827869e+00,-3.091732562761744241e-01,-2.765880768238859311e+00,2.818067235798883630e+00,-2.986442384781844983e-01,-9.983095628402856025e-01,7.515330779140204420e+00,6.175506103179614570e+00,-1.835135034308897239e+00,4.823193971936775348e+00,2.719501996436998414e+00,4.329517824313737329e+00
-3.032516886443232806e-01,-5.896004093191058448e-01,2.372919865267560935e-01,-5.532374295282149745e-01,-3.508148009550305368e-01,9.537541883800373377e-01,7.701903546473512385e+00,6.350400019395164186e+00,9.933807002980135081e-01,3.613308445084824072e+00,3.691216874039356277e+00,4.982059011101596546e+00
-1.337959007393631605e+00,-1.002276626933851444e+00,9.579227200033106904e-01,-1.678868230406534767e+00,1.037460164619667724e+00,1.764842439121176332e+00,7.461032443895633470e+00,5.762777110943723358e+00,5.819435959838310524e-01,2.926436880405554941e+00,3.826542669273640396e+00,4.704638029968001511e+00
-1.233022460530211362e+00,-5.743711226531944547e-02,-1.380807697986605742e+00,-3.842982498171382044e+00,-3.134900402257079222e-01,-1.635880325408218816e+00,6.701998499399708820e+00,6.226440851859729619e+00,-2.691285694757134195e+00,5.804829449411999853e+00,1.525138823745269434e+00,3.493815860942671492e+00
-1.865205496337602575e+00,1.431710762843490192e+00,-2.718995054907896503e+00,-4.593443294069448513e+00,-1.383122156873124453e+00,1.309052096583116498e-01,2.337293587335182110e+00,6.260320734918286334e+00,-2.818298318179963680e+00,5.260742496647727862e+00,3.769612237166617419e-01,5.288363853086943678e+00
-2.206628938695722741e+00,1.551514493449069221e+00,-2.413132556106665660e+00,1.178316695476375520e+00,1.457335410974212042e-01,1.204115957202990028e+00,4.698235367745073887e-02,4.896590014458261031e+00,-1.378430015980649515e+00,3.170740511370717662e+00,2.494619471374079023e+00,6.962789005562388667e+00
-1.860135976104381861e+00,1.798906615382426466e+00,1.434350091326882515e+00,5.291584491944156809e+00,6.768586675674830300e-01,2.077446917403265036e-01,2.813578563378360542e-01,4.655291061699078803e+00,-8.382086229604484018e-01,3.621502355422674846e+00,2.593844517273805383e+00,1.607291002811817915e+00
-3.124042680743388534e-01,7.577307867890256121e-01,2.121353399933312289e+00,1.350895633914931615e+00,-2.789513697782860513e-01,6.753067582859945128e-02,5.177064883997042344e-01,4.187754565173992916e+00,-5.103936229277223902e-01,4.061669028788871927e+00,4.315741458371293859e-01,2.824313347012796793e+00
1.130011797480357849e+00,-8.391072593324180318e-01,-4.237611371298914964e-01,-1.933216574495730145e+00,2.742387868777406146e-01,-2.994752019428656986e-01,2.576689234901710979e+00,4.197275424097892227e+00,-2.993473679205940208e+00,4.366762917006225209e+00,4.797295118434252714e-01,5.492514421382309386e+00
6.013461290273438564e-01,-7.688129699543494455e-01,-4.897451212908876528e+00,-2.480162142973378891e+00,2.630291790748110259e+00,-6.105555302220355696e-02,2.831441988274062460e+00,4.603751886326595155e+00,-4.760866155975501002e+00,4.405816125861661270e+00,3.255181258612026785e+00,4.946983860710324699e+00
1.826389000794743867e+00,1.360554260325545606e+00,-2.665441211971079749e+00,-2.956296864889385922e+00,2.293554557599212451e+00,-3.452188178759938442e-01,4.107295149898662956e+00,3.829840697084754275e+00,-5.231379965522780395e+00,3.965474815393267960e+00,4.403908204209739274e+00,3.258035887312124679e+00
1.394651957441011003e+00,2.188037568200167815e+00,3.918724289346349199e-01,1.396245913849419318e-01,1.029139151119064621e+00,3.966988293802046206e-01,4.213206276829068564e+00,2.317514670608773919e+00,-2.288681983437578005e+00,4.481009799782624370e+00,3.195088291628811916e+00,6.864843505746224928e+00
1.317933650233626075e+00,6.196489704735803627e-01,5.453711560110505729e-01,2.872940919956571637e+00,-2.861319974669730426e-01,-4.446493412264039824e-01,5.341245468866937074e+00,2.402731574217447097e+00,-5.277416786616644373e-01,4.779774807980386342e+00,4.143791484593146279e+00,5.334646907298597363e+00
2.078369651602372858e+00,1.055758634535370888e+00,-3.462383431273309942e+00,1.678371156089661920e+00,1.137865298635378331e+00,-6.250099977772416437e-01,7.340207577136370176e+00,3.994784883241460527e+00,-1.744308929395891106e+00,3.878048144569627986e+00,5.605253434021880032e+00,2.521198941506532343e+00
3.149956991405946649e-01,3.999108922925003196e-01,-3.508493449203123227e+00,-1.183807484020850787e+00,2.048243675682622555e+00,-1.041283196264988886e+00,8.555754908569184636e+00,5.741224396017981846e+00,-4.554342668069113031e+00,6.039359007999831164e+00,7.062085973272534289e+00,4.566203609589495116e+00
-1.335484915511099269e+00,-9.496044867575319515e-01,-2.101464349861160485e+00,-6.019396382394651690e-01,2.167658385589843029e+00,1.143199269311364397e+00,8.813808214112786033e+00,5.019559988327137567e+00,-6.275070551017202902e+00,6.788630174725600597e+00,5.175258844591393625e+00,3.385675944182517050e+00
-1.762311053362322522e+00,1.495196654900621702e+00,-6.786751093886456143e-01,1.226921069235455075e+00,1.144931843234056057e+00,2.092742335952448407e+00,7.687264647442435539e+00,2.181909398040426940e+00,-3.808404812229319703e+00,3.953596456987713559e+00,6.473631774814190720e+00,5.310460369457939755e+00
-1.242235850301086186e+00,4.067472821829558605e-01,-1.266287029602956249e+00,-4.473018400253332416e-01,1.520755709265585232e+00,-9.731500771403120975e-01,5.208368016111155185e+00,3.098806325055673216e+00,-3.095765099554668609e+00,4.673366002556873511e+00,7.936264835799946127e+00,6.124787052766116346e+00
-1.047907593483522470e+00,-2.688763226369760506e+00,-3.113089820761620885e+00,-2.512693119715514456e-01,1.846380876804381899e+00,-2.282894962031603470e+00,5.906650769498868137e+00,7.191220081857573554e+00,-2.519878654915277849e+00,6.553610623994441831e+00,8.380986906793040703e+00,3.584350310865875411e+00
-1.844627464125474514e-01,1.122766995630273268e-01,-4.121025287637389845e+00,1.797875294197349039e+00,1.585009272754673182e+00,6.660819244520835847e-01,6.893875111118498822e+00,6.874602615116323534e+00,-4.767729824381188308e+00,6.979311980368485102e+00,6.773564231786926904e+00,6.240392836728278603e+00
-1.553126461549380721e+00,1.428128698225768156e+00,-3.387762219870576352e+00,-5.811216978785012088e-01,2.980713220670674346e-01,1.450360386619919950e-01,5.111534095669602706e+00,4.052598079611519744e+00,-4.344976218930746370e+00,5.539882879186871278e+00,5.024728618775607281e+00,4.627643543827098860e+00
-3.994786779790023612e+00,-3.030500860844555167e+00,-1.574365772133773156e+00,-2.334190637396901913e+00,1.041007653499790853e-01,5.435714176373549478e-01,5.284802151532128178e+00,5.099647470951653716e+00,-3.371047890540605607e+00,2.211015009308235690e+00,6.168632169582965119e+00,4.081638605238643080e+00
-4.951401337488436916e+00,-4.281597413464874435e+00,-1.446965890712373914e+00,-1.532118915967320305e+00,9.840892849850388924e-01,1.695384535337644216e+00,5.045181307419701611e+00,6.578181144299732885e+00,-1.598630209145174952e+00,2.396734116344834131e+00,8.386117100329082419e+00,6.105214003038710757e+00
-3.768335176734624703e+00,2.821499338348825159e-01,-3.841967183343977688e+00,1.219078443502037201e+00,3.382258767711604719e+00,-3.293032198175086522e-01,5.688952638614140689e+00,5.508928573275909457e+00,-3.851911527026878446e+00,4.279345597822666214e+00,7.042749744856436678e+00,2.811021302569785441e+00
-2.000378725346092956e+00,1.721205612915869709e+00,-4.147184173872242141e+00,1.613977079281302185e+00,1.245829365421335932e+00,-3.110864252931751506e-01,6.006974816112244930e+00,5.176304910092258460e+00,-5.261539750925154024e+00,4.346664796174861678e+00,5.904321977862432291e+00,4.917188698982512207e+00
-1.529114688558853796e+00,-5.520735524876594358e-01,-2.656566963244263668e+00,-6.190376217729831598e-02,8.875057108964318209e-01,-1.866651543240889777e-01,4.284550674581560692e+00,5.405435297673074402e+00,-4.775343473267573913e+00,3.799120905352531885e+00,7.318339719949468858e+00,4.545836912879165581e+00
-1.382077426139134202e+00,-1.460745776425037112e+00,-2.296335121286493530e-01,2.238441972820929271e-01,1.636529721440337148e+00,-6.973505035377318695e-01,4.318230763979286735e+00,4.610885275325963484e+00,-4.158230463276117561e+00,2.544854833773063874e+00,7.518444240314048344e+00,2.399475115996510866e+00
-9.776006139457309452e-01,-1.267066756597080346e+00,7.938082447649490447e-01,-1.413220720731109825e+00,2.171566498567953474e+00,-2.290059544218771670e+00,5.087184242756512376e+00,4.886844020442945968e+00,-2.652016073078574010e+00,3.729252890668482756e+00,4.806585388871521758e+00,5.511388409605797456e+00
-1.302065558268684642e+00,-4.226338953756407224e-01,-1.123615705427958300e+00,-9.783303329218313582e-01,1.007122282374927735e+00,2.021121699101357194e+00,5.785845498026464639e+00,7.340906335593323284e+00,-3.094773528188477840e+00,8.037933946174717903e+00,4.708212886471146774e+00,5.125970724634678177e+00
-1.605904370796717107e+00,-1.232593778691534192e+00,-4.337633722520342516e+00,2.543933438651938550e-01,2.444625552455861772e+00,1.588729289098186337e+00,3.946041794826312454e+00,6.208758917985891301e+00,-4.361938518167196577e+00,5.252633179210798531e+00,4.261297571469822465e+00,3.252001104075056492e+00
-1.367407857803577098e+00,4.737473641267300195e-01,-2.935007695235575476e+00,-1.540156451526306203e+00,3.867695856989417535e+00,-2.178328585195230538e+00,4.309242335980648875e+00,2.485156214386875728e+00,-4.796033594615050077e+00,3.794170355583785792e+00,5.729969752339677314e+00,4.005477881434223342e+00
-2.255653640435242302e+00,2.505874133578036123e+00,8.426518445301720006e-02,-1.024343935297204577e+00,2.751911341281242152e+00,2.095966177392705743e-01,4.137847859460531019e+00,3.843512617322950575e+00,-3.612947540317435369e+00,3.221189136472135672e+00,5.671551942901556842e+00,3.375065468211977837e+00
-3.921030993293422640e+00,1.630507909858668614e-01,9.695086723449181099e-01,1.016718128066200100e+00,9.242379484877117912e-01,7.640466204237239545e-02,3.887114122371945868e+00,7.938872834349187890e+00,-3.930522720000166004e+00,2.642365263037671497e-01,5.839611272192583691e+00,2.237288727564263002e+00
-1.936331010084744397e+00,-1.525296869443792058e+00,-1.887927094574152198e+00,2.889296467732928253e+00,6.674888846926975150e-01,-2.226209497065793741e+00,5.147626517807525559e+00,8.101203583561597199e+00,-4.036529054131140271e+00,1.460043503492038042e+00,4.555431949381168799e+00,5.518934066493400792e+00
1.089177159792090732e-01,-1.480781935838115793e+00,-2.662620779159473372e+00,1.034614556451587841e+00,1.577832789279951964e+00,-8.318449178559828017e-01,4.720014009671788635e+00,6.953736907057773919e+00,-4.647597512732412284e+00,5.850995166966205474e+00,3.801198928568325641e+00,3.967097800413919018e+00
8.857813357540065269e-01,1.626430617356564579e+00,-1.705199505776182178e+00,-3.030289740963192813e+00,2.396803525729378048e+00,1.417714739066025853e+00,5.888658474261237785e+00,5.147574616784825530e+00,-4.378121367908962114e+00,6.743064673446346191e+00,5.278554693669795128e+00,2.382535524532037652e+00
1.379769462219410325e+00,2.641558084995923039e+00,1.825251076082317070e+00,-7.221922592021288168e-01,2.285832806744357182e+00,2.454150858434434923e+00,8.429248908043021515e+00,5.832642052619546824e+00,-4.493401982967586861e+00,7.640750679033470050e+00,7.192202538343089202e+00,3.930856752560546674e+00
2.535850865204160254e+00,1.747903449949555599e+00,2.352021208472721003e+00,3.861460703360300784e+00,1.219586203910400179e+00,2.687019828144873168e-01,7.327886179081453122e+00,5.419198983552933058e+00,-3.686637380756415894e+00,7.427129093163848950e+00,7.238967956017155814e+00,5.079134620182847115e+00
1.918686482430989937e+00,1.901521804749370936e-01,-2.233122763915311726e-01,3.527070754360397853e+00,4.868582213573212636e-01,-1.998178446545642029e+00,6.021843205344657335e+00,4.060183028189632282e+00,-1.173286360505835901e+00,3.527551104234932566e+00,5.874570741275926267e+00,8.095694785062841348e+00
9.834708323740255498e-01,-1.767532034523959350e+00,-2.275029374245872038e+00,-6.330186885629787152e-01,4.817738872638805958e-01,-1.738891492324635024e+00,4.938549126197735006e+00,4.321312469822547797e+00,-2.291676683720838881e+00,3.359429581762446659e+00,6.659601894279155054e+00,4.369361129868212679e+00
1.130922016234996885e+00,3.501437177607986673e-01,-2.197358340644369745e-01,-1.733438673028740329e+00,-4.798647781829540326e-01,-9.449763468903299435e-02,4.346695488232399818e+00,3.764062693634334433e+00,-4.867940086837688085e+00,3.469323980260952567e+00,8.250621485366245622e+00,3.199225863983878870e+00
1.987774937541078035e-01,1.621324503807580308e+00,1.471824066182199298e+00,-1.574909450028733060e+00,-1.444874973655196015e+00,1.828513539814531796e+00,4.486520860130791988e+00,5.335209395860639248e+00,-6.103478888992682982e+00,5.295324495597192538e+00,5.824635096502237985e+00,5.422301366413537771e+00
1.181252098985606347e+00,4.134968344910459059e+00,-3.613664434624896948e-02,-1.855481006435167224e+00,-1.404220683081923049e+00,-6.819517137232335990e-01,5.418137778231014501e+00,7.113217943178534064e+00,-3.589890359574852141e+00,8.317154553906529912e+00,5.537201981927316830e+00,3.586261854092550827e+00
1.856101904956906079e+00,3.925455888329150156e+00,-1.552381011240769881e+00,1.217705537328990228e+00,-5.337796791751940884e-01,-2.701922740527604727e+00,5.226323506836971333e+00,5.226959111586891638e+00,-4.693813412962244414e-01,6.616116507490186649e+00,4.891452878561917572e+00,6.033164740847288599e+00
9.164264286591120579e-01,9.674231528967295324e-01,-2.080074393406135425e+00,2.693222771650090053e+00,-5.630122689619707632e-01,5.148341904779039080e-01,6.093970864738022186e+00,4.375989109329739613e+00,-2.262852418509285535e+00,3.253090895327358290e+00,5.143223292101271049e+00,4.424456203474296245e+00
6.455961493516636507e-01,1.280927382243075563e+00,-1.905045654688749313e+00,1.415314383325836811e+00,-1.366699782267320584e+00,1.488353364690308878e+00,5.993014095948725029e+00,5.663699500937534381e+00,-5.375949927543590690e+00,4.127864241623477426e+00,5.749506903894103793e+00,1.749369021285917647e+00
1.579146930776830771e-01,1.672634254975262635e+00,-1.481153727250524854e+00,1.130489333255395579e+00,-8.576220968497062502e-01,8.751866702420707522e-01,5.507422646264366506e+00,5.434873638195526269e+00,-5.476225810067839816e+00,4.600462707919646732e+00,4.738172189305659643e+00,6.056550584723551012e+00
-2.909607925415798046e-01,8.724720745357823493e-01,-2.368999111916265665e+00,-1.715903225118668995e+00,-2.148380708258881278e+00,1.183998800131415452e+00,5.349573112733391866e+00,4.165787047009397170e+00,-3.323558655156207742e+00,3.223375661647526425e+00,4.119277002685489464e+00,4.599970682298828883e+00
-3.306645713722670132e-01,1.909979759437071323e+00,-2.031465225505573180e+00,-3.587823934881999133e+00,-2.860600747815385425e+00,-1.987472501142117043e+00,6.256079522580288099e+00,5.830789907284640528e+00,-5.847171202702305948e-01,2.975383640935380214e+00,5.490481902136949977e+00,4.387879926982361845e+00
4.263228177411126918e-01,2.157561582795937127e+00,-3.316935045948691041e+00,-2.940545435776954264e+00,-1.864903705361835806e+00,-2.524928902417629573e+00,6.628072144779578068e+00,6.395597652102816610e+00,-2.696110597254691044e+00,5.952264941109109309e+00,4.257662994441342441e+00,3.703930638641808493e+00
1.193366732033157351e+00,9.826325589930731130e-01,-2.516527984552007879e+00,-1.153359427414173410e+00,-1.706924925159805539e+00,9.752757465543320237e-01,6.304456315745787798e+00,5.489217295081757264e+00,-4.712329429705228279e+00,8.394840572117590938e+00,2.978300494010344579e+00,3.193680706741855779e+00
3.602778714187880871e-01,1.836253113768347323e+00,-1.211580301569616491e+00,8.376741731740589003e-01,-2.925237604631134136e+00,3.386650484928460436e+00,5.494203647555167436e+00,4.661456842424625435e+00,-4.605837326283063859e+00,5.816965219020975297e+00,3.351541411691269179e+00,7.093379900479444444e+00
7.232824621865587833e-01,2.360273753448378642e+00,-2.119738764212124593e+00,3.166679016710596706e+00,-1.933442555463390278e+00,7.646785509822175975e-01,5.160871861802657889e+00,3.943309158431016037e+00,-2.819566607777576728e+00,4.778156170584293427e+00,6.104584871203494245e+00,3.806052101117367137e+00
4.895188127295139746e-01,1.598400661269894441e+00,-4.059440643799565152e+00,1.761520509834790360e+00,-6.930824119684195761e-01,-1.602894020209125081e+00,5.354020572274483136e+00,5.675753062682611372e+00,-2.074769113012789212e+00,4.534992326556606557e+00,6.374140926240183802e+00,2.995667537325232388e+00
-1.417146712806542030e+00,1.162540749823484543e+00,-2.821661381645870215e+00,-1.864701162965590076e+00,-2.148300520105935973e+00,-3.204283294137773574e-01,6.828004225253447856e+00,4.848636180667225126e+00,-4.807445855863754502e+00,4.322166784119967353e+00,3.357618936239717744e+00,7.477707704377309028e+00
-1.223100535472626760e+00,2.399805049786160716e+00,-1.881675152841980392e+00,-2.051458864990816977e+00,-3.036353204927186411e+00,9.162349161972951350e-01,6.747155584887854829e+00,4.424131394752608415e+00,-5.172862866739347254e+00,3.714503085883650080e+00,4.530739860216478121e+00,5.588621204537695952e+00
-2.331620117532256842e+00,3.091363422104554726e+00,2.498570506946000691e-01,1.156413474997386004e+00,-2.338453850701846193e+00,8.381982775322296408e-01,5.346875066248663266e+00,6.416893309367025289e+00,-4.329012813825567463e+00,3.400418611958983206e+00,5.652205932632920593e+00,4.984056855741751058e+00
-2.663511555637593009e+00,2.035013611904984643e+00,2.174964038665827548e-01,2.002099711433645624e+00,-2.770177392028111640e+00,-3.737854810035729503e-01,4.668187886431102385e+00,4.793161363316138512e+00,-2.160875966280079830e+00,3.039640789342107574e+00,5.039753264893064078e+00,4.928799220242923163e+00
-1.080341765991820191e+00,1.594274693509639906e+00,-2.597492751680841927e+00,-5.159732943759433033e-01,-1.862695010933665074e+00,3.223788650687365864e-01,4.396700210807001241e+00,4.087088907698947615e+00,-2.788140969679981040e+00,2.753411555394968069e+00,5.138471736541990964e+00,4.463078872331661451e+00
7.757674270661427673e-01,8.185867493298183417e-01,-4.025774562613177565e+00,-1.778381660850697932e+00,-3.344381828802922119e+00,2.261965511720036570e-01,4.697408133444811895e+00,4.072430739626219598e+00,-4.819173401705638682e+00,3.401845223177137001e+00,4.451556870688682999e+00,6.392728433143465949e+00
7.611104818252110160e-01,-8.286425486551746156e-02,-8.714099597121953700e-01,-1.392322392271791331e+00,-2.010274344700349047e+00,-1.187859749674115228e+00,4.220067923014012123e+00,4.198593555867003779e+00,-6.339609891012742082e+00,4.219375112814423012e+00,4.609282730777004566e+00,3.743959361957657883e+00
6.790603894908597837e-02,3.587434096184727306e+00,1.621506077846058824e+00,2.664330740287865318e+00,-8.178962447624227305e-01,-2.098826921279402513e-01,3.445800902112551078e+00,4.990575469785755836e+00,-4.415085684552426670e+00,7.354874196964784616e+00,3.987913881285179318e+00,2.078377777453091824e+00
-2.114987211631109421e-01,5.188606737658716384e+00,-1.843969134213084282e-01,3.702957121339581548e+00,-2.006425116542370546e+00,2.737147109700642122e+00,1.169552537800597314e+00,4.655034887063085769e+00,-2.251466020449351291e+00,7.997480528203591454e+00,4.994447217168600517e+00,5.452196236741163382e+00
-2.044273108467230760e+00,5.835049444426541054e-01,-6.446928228212237322e+00,7.850216573166129974e-01,-1.431515617724336220e+00,-8.556040301668454973e-03,2.805575485367272748e+00,5.545649097145647133e+00,-2.639006556732359954e+00,4.314394547457116147e+00,6.591809101603595344e+00,5.870140067503667680e+00
-1.101726457346017263e-01,-1.620274964016493735e+00,-6.641148523763777511e+00,-1.094626423534233561e+00,-1.244275022996923497e+00,-2.347922786427476094e+00,2.986861694153729374e+00,6.013670007454654964e+00,-4.749572626239833895e+00,8.989575797021882586e-01,5.871049258764507783e+00,3.692157962858390707e+00
-1.355492099570395625e-01,-7.710785816490806077e-01,-7.460042509833899604e-01,-1.431969779711421920e+00,-6.658354460507526218e-01,-5.212556798169548644e-01,3.640715501686690558e+00,4.199800461076788949e+00,-6.923924389413910419e+00,2.409415786856320629e+00,4.723429037241177575e+00,2.118230114873473902e+00
1.066566345600753474e+00,-7.877368489464271484e-01,2.450416683951246011e+00,-7.293212181132470162e-01,-1.831209305352096139e+00,2.128019456441309909e-01,4.630997173162287872e+00,3.153504864869932867e+00,-5.121705788364115719e+00,4.961928494411546708e+00,5.848549132384527560e+00,4.270064162359655136e+00
1.193425803725096213e+00,-1.896760202919263172e+00,-8.562759139084447080e-01,1.806142938563724432e+00,-1.942094921675173502e+00,1.854619225282396755e-01,3.595501587468281190e+00,4.159012662003547689e+00,-2.807186266658454166e+00,6.385983535919036669e+00,7.004357507056047538e+00,6.747016245236693521e+00
2.083761271791886305e+00,-1.276720735151101849e+00,-5.479757520210990052e+00,2.606765689959579024e+00,-1.441777419428687645e+00,-1.139184854626122068e+00,3.426172540266504640e+00,5.032483969662179923e+00,-1.070486597603297341e+00,3.698943296325017283e+00,4.604898685711097173e+00,5.158872725905403023e+00
3.913190663892308852e+00,-1.838204721789715279e+00,-4.340440974661143869e+00,8.709417064315090329e-01,-1.368377580730799625e+00,7.857745914260003683e-01,4.206649879981476658e+00,6.144795896611343622e+00,-2.978755867683346104e+00,3.100088655314563901e+00,3.913506554336225296e+00,3.186174085507160303e+00
4.353600527808068499e+00,-3.456748851778082887e+00,-9.091876232287365855e-01,-1.666746966739525160e+00,-3.835541755542447362e+00,7.176915106309048609e-01,5.999160702075048590e+00,6.123954378276296850e+00,-3.942832587262437016e+00,6.505938216379314909e+00,4.494098247601695739e+00,4.785774580268421730e+00
5.751111549400718559e+00,-2.606365152484285463e+00,2.712259588367513796e+00,-3.002823022246964069e+00,-2.501744939896655584e+00,-5.772774549715808945e-02,7.052118926317236358e+00,4.556194363128761360e+00,-4.652746919986393337e+00,8.969322605193864817e+00,3.338448377151302715e+00,3.847965444282013703e+00
4.412564108108409044e+00,-2.197886789007060138e+00,-5.546879011168117657e-01,-1.945269973105419936e+00,-1.544695102302104939e+00,2.213139708179573395e-01,4.681231933766181186e+00,4.183559885287595037e+00,-2.610332668439564685e+00,7.894978062034469168e+00,3.369021545659768080e+00,4.544912566977936663e+00
3.799001718987409681e+00,-2.137054923626828806e+00,-4.457079794441980880e+00,1.226395757840899492e+00,-2.030637715223882367e+00,8.683575779812516271e-02,3.111532903220852297e+00,5.466003107294980623e+00,-2.524675485755766502e+00,4.537313889249457333e+00,2.228549041068663694e+00,6.596994726986956437e+00
2.235099628414229045e+00,-1.228748151889619278e+00,-6.116059378706807159e+00,2.226761373624125628e+00,-3.167429537191251754e+00,-8.899723588492577941e-02,2.739760515153622400e+00,5.488751323872037347e+00,-3.267075187526824465e+00,3.180835210134046687e+00,3.677150338628789150e+00,3.917626231455117569e+00
1.584180587095145309e-01,-7.852655966666166609e-01,-1.812135908497642056e+00,1.811381571465613849e+00,-3.868721454666545156e+00,-1.305486931701104858e+00,5.212141177367930922e+00,5.083612625330649948e+00,-4.227537965591766422e+00,2.436317686035841312e+00,4.677542309159430367e+00,2.750568805364736136e+00
-7.766652041322625877e-01,3.440854525018117727e-01,1.291619621175254196e+00,2.833256115689901211e+00,-2.566560115440099654e+00,4.448779037142116533e-01,4.720370609089600933e+00,4.390812785928678963e+00,-4.009024438940519630e+00,4.226275748530937015e+00,5.640016549047624395e+00,4.977936640280186786e+00
-1.666461426108118760e+00,1.785540568414713203e+00,1.805973667163953467e+00,3.702551833821284832e-01,-2.318949619335108014e+00,2.193260776215153474e+00,6.501093851038027616e+00,4.097104561187784988e+00,-3.380629817883459509e+00,4.993965235226390575e+00,5.038063111393355165e+00,5.840642169186212485e+00
-2.410407352193815633e+00,1.827937464828485847e+00,-2.753275686170964853e+00,-1.916569669564210932e+00,-4.188875821867545923e-01,-1.434728816777196769e+00,7.222656113864077909e+00,3.863332368140850015e+00,-3.557266307242549885e+00,4.348824044871342664e+00,5.264486958202707179e+00,4.345164796256563378e+00
-1.666239550604287967e+00,-6.080677676092067774e-01,-6.016779562497914569e+00,-1.597834161041584933e+00,-1.273227400451313995e+00,-8.484560339955301567e-01,6.599063039814783593e+00,4.026283348567725184e+00,-4.751951651617570604e+00,5.398147519999094257e+00,4.362588794554010718e+00,4.096358997545670455e+00
-1.655180023490592456e+00,-2.622239271382690973e+00,-3.750602427130763861e+00,-1.738716375420507498e+00,-2.284581807216647942e+00,2.062685576388656017e+00,5.465498868731979876e+00,5.571345962541135677e+00,-5.342053777125769898e+00,5.617987145165654006e+00,4.189733685873055613e+00,3.577745219813466715e+00
-2.004071539620203346e+00,-5.295128212567419279e-01,6.047322567267381377e-01,-1.965503770718391552e+00,-2.096982664784231787e+00,1.269103252111400681e-01,6.751060902271214914e+00,5.910331031458312623e+00,-6.200308696641878115e+00,5.715923284776543767e+00,4.030748268924964073e+00,4.600455274492318836e+00
-2.074304412279668330e+00,1.360712017343177704e+00,9.251475424004992343e-01,-2.383440075185936924e-01,-1.083413596973536563e+00,-9.697599544848316544e-01,6.441411052097585355e+00,5.461601793406312133e+00,-5.208872431540394032e+00,3.472725521286179617e+00,4.326691175634730158e+00,4.200401906248015571e+00
-2.612709753918561972e+00,-1.702468264429592981e-01,-3.373551225247852337e+00,7.280554488963433268e-01,2.319313567379491792e-01,8.094720158030519475e-01,6.446830655778663655e+00,5.538956232612101793e+00,-4.981796819407129817e+00,2.406619465325531948e+00,4.497009142654490255e+00,3.232925210389196558e+00
-5.287188450741622248e-01,-6.095815948953714480e-01,-6.264637216247121998e+00,8.323919370189147848e-02,6.473154449270843713e-01,7.835103380678738461e-01,5.984142948224764780e+00,5.229714827305749658e+00,-5.223713406750629673e+00,1.843460253666439286e+00,3.559375867868571408e+00,5.720746949205340215e+00
1.427558787308593535e+00,-1.557302632852493318e-01,-4.597806285564792539e+00,-1.317988961575996765e+00,-2.188784664657661416e+00,-1.067990096138581313e+00,4.565907732054268031e+00,3.579763228869906833e+00,-6.308078353552398099e+00,3.078447130025423473e+00,4.832425975578442667e+00,5.011868797950294052e+00
2.764127317348215929e+00,-2.686501783861953374e+00,-8.781008760933306512e-01,-1.878669373366243400e+00,-1.627916373166508723e+00,-2.543525014225115344e-01,2.474722339252600101e+00,4.017719734625418759e+00,-5.754602740312241949e+00,5.835979325068624490e+00,6.232338477435537705e+00,3.576325938558922779e+00
1.543226017616111445e+00,-2.610207787022557291e+00,6.607750716330910157e-01,-1.309906651928841148e+00,-1.785712370039657770e+00,1.285798377024816475e+00,2.558548751022986067e+00,5.707837790419183932e+00,-3.563140784313892695e+00,6.480571766391602040e+00,6.253921768985826191e+00,3.881109340114460515e+00
1.816779137249906473e-01,3.486292015042394832e-01,-2.840740209899343505e+00,3.379650278242448125e-01,-8.198855256058732444e-01,-7.181831308890092025e-01,2.723290370302909214e+00,4.875980960146384824e+00,-2.913466572202565885e+00,4.859607613288064343e+00,5.097350440448430220e+00,3.619998990410613793e+00
-4.815905563663047118e-01,1.928041997345812275e+00,-4.815165219484327963e+00,2.363014709460953711e+00,-2.363669136181059116e+00,-1.316525815903691443e+00,1.826417649917365882e+00,4.500876629176228327e+00,-5.308566677002847456e+00,2.653997718300394659e+00,3.362139387239098554e+00,3.670391412629564254e+00
-7.891240805373735956e-01,3.029472701355132802e+00,-3.758047625023251292e+00,2.288737409872123596e+00,-1.964455413069789991e+00,1.455759453557631034e+00,1.522305917526569630e-01,6.006149330688311139e+00,-7.122756661281025359e+00,3.790575847005788646e+00,2.664256832658303153e+00,3.063278519312641279e+00
-1.427442697307999886e+00,1.422722195605895079e+00,-3.664943911779358077e-01,6.045914555489940723e-01,-2.351577888029317887e+00,1.028308835477044436e+00,5.875058199155538396e-01,5.281385630745823789e+00,-4.937230596280533845e+00,5.133190913151953083e+00,5.076220016262959156e+00,5.934188040842376388e+00
-2.056090676664585004e+00,5.489115262117172378e-01,-1.190441230292737185e+00,-8.992542381752988145e-01,-2.054960448025206610e+00,-6.049953351586672134e-01,2.227411624213786467e-01,3.636772975192758217e+00,-3.001759071036719462e+00,5.036880885972359501e+00,5.495733033675128887e+00,5.145021568904277309e+00
-9.582695723029276413e-01,1.852360103617486153e+00,-3.063441926180958674e+00,-1.953418429471263984e+00,-2.071154166554376896e+00,-8.119869804624716414e-01,1.230599694952299483e+00,4.824080340429043545e+00,-2.341051401377774788e+00,5.870680100001074209e+00,4.469277296861590365e+00,1.075704134029249914e+00
-1.582376910602060760e-01,2.189889734009317301e+00,-4.747345179362754131e+00,-3.151931765461428170e-01,-4.509538900066920597e-01,-2.835531601968044879e-01,3.784604545548090115e+00,5.318221682007409967e+00,-6.180781124865308840e+00,5.646261655890590703e+00,5.054598689700086744e+00,3.793705868482696086e+00
6.959286950578849051e-01,6.932436058180182492e-01,-2.546648440975163297e+00,2.062745429629262439e+00,-2.740780178961054858e+00,-3.269385040430629052e-01,6.430060983904160921e+00,4.100766536154779374e+00,-6.582948750427796369e+00,4.814588188534152380e+00,6.198388469805136580e+00,6.932549558323367833e+00
1.685347181800349592e+00,-1.541952554884603810e+00,-1.621865943421657352e+00,1.936196794573352253e+00,-3.265755400220438531e+00,-9.629537655635460602e-01,8.370956373988427401e+00,3.038401085353682696e+00,-5.588498992214349315e+00,4.263243556096690590e+00,5.805831702509976822e+00,6.569832060772085036e+00
5.619516977521019641e-01,-2.315973686782938357e-01,-3.281274591059596180e+00,-2.220697764081181469e-01,-4.628198926143993752e-01,2.151012543333026272e-01,7.745727657241504360e+00,2.685129616860215673e+00,-2.731165510437813637e+00,2.595087672753301433e+00,5.201334641044449647e+00,3.219474986801178940e+00
-1.349268180125596350e+00,1.655809891178515514e+00,-5.231539015833450712e+00,-1.165785651985337124e+00,1.252610657179511477e+00,-4.897586746070303199e-01,8.129168315619942575e+00,2.922562657270406206e+00,-4.085018491545847397e+00,2.790472003681623292e+00,5.383394530934806355e+00,3.586778506060198879e+00
-2.100389066768320045e-01,-1.494682972458926340e+00,-3.584572825600746970e+00,-1.401587609857073424e+00,2.251384033992794853e-01,-5.934183954548902795e-01,7.441139800707048835e+00,3.377305662599261460e+00,-5.913173941404687994e+00,4.668216539632784823e+00,6.737978412044866694e+00,6.493094468850287626e+00
5.485587735747304849e-01,-2.068089318784516628e+00,-2.243471552217253251e+00,4.381068794323733639e-01,-5.229656391900303625e-01,-1.652041200608006077e+00,7.053254100833267870e+00,4.537533579414166240e+00,-8.793919469542744949e+00,5.559195251967260276e+00,5.876154813035684654e+00,5.726585109741426649e+00
1.627196506847609525e+00,-5.942359193839552578e-01,-2.204020140251607973e+00,9.430541241391489082e-01,4.904723649761350557e-01,-2.143035632598147555e-01,5.841940752562459593e+00,5.217452086683557866e+00,-7.019671504862639466e+00,4.844290408304894768e+00,4.823209524717708696e+00,5.144027609039376614e+00
1.046652319512691109e+00,-1.417153156446207873e+00,-3.026556964533265948e+00,5.928952139307764879e-01,1.397674651075489383e+00,1.968044498640865392e+00,5.644068693543877302e+00,4.831472166896567444e+00,-3.728254800048016904e+00,2.836757308576917325e+00,6.056575880500338016e+00,2.951545081531402381e+00
8.954242013556753532e-01,-6.795137874097308961e-01,-4.097073586783590571e+00,2.247506211259183928e+00,5.553576947692637766e-01,1.975155891931058783e+00,7.154470288911317866e+00,5.087541508707205118e+00,-1.767290320286429406e+00,4.937862198091091948e+00,4.949358407465503262e+00,2.594159642289888712e+00
2.024594371026763318e-01,-7.194769430688550127e-01,-3.691388889817485364e+00,1.247845108867251529e+00,-5.504762302810080055e-01,2.528715780911335309e-01,7.945662466242399802e+00,4.113873776637209545e+00,-5.456182505782537717e+00,5.985536488560954993e+00,4.227285404794214330e+00,3.250246637205135958e+00
-1.218874410964381871e+00,-1.758523559724022300e+00,-1.962711156225793285e+00,-6.279759711458275939e-01,-7.583446693541391337e-01,-1.969618325843885298e+00,6.209907318174950674e+00,5.171693078300720003e+00,-8.264793271933067231e+00,6.769228940532217464e+00,4.723855349476290932e+00,4.573308323698332956e+00
-2.148197705717832751e+00,-4.649936575244811854e-01,-1.035598528720010014e+00,-1.263971379281882523e+00,-1.440673375841695358e-01,-7.451968988208304001e-01,5.160471704650104741e+00,8.829560451716705671e+00,-8.539634940588666012e+00,6.936680962381640114e+00,3.235429173871032571e+00,4.781272951395972193e+00
-4.544314759852931651e+00,-8.545989354614917932e-01,-2.071564460370115768e+00,-1.859713842565478448e+00,-4.399036977135762916e-01,2.182765786583092726e+00,4.372573258042296906e+00,6.440370574082606048e+00,-4.042071270042839615e+00,4.212542412812976700e+00,2.781187122013275115e+00,4.479168097457306708e+00
-4.486765194885099284e+00,-2.890474908541997845e-01,-3.304044548606959175e+00,-3.223399180927806196e+00,-1.384748085255008476e+00,-1.868236729530170503e-01,2.959165170569567849e+00,4.369281965863371475e+00,-1.220165504047935556e+00,1.617402290075530047e+00,5.815718881738203727e+00,4.828299432327773921e+00
-4.170539930389232097e+00,-7.684023046047840921e-01,-3.367635804336703842e+00,-1.180843434519597279e+00,-8.993294612879940697e-01,-7.435772416320318712e-02,1.629105066454298978e+00,4.767559151104483917e+00,-2.219961471007065867e+00,4.903561968792375936e-01,5.598205773850448708e+00,4.913656571866479084e+00
-3.523686550790577687e+00,-3.056594155900486331e+00,-2.051846010921448471e+00,4.101145198083533394e-01,-3.884020341704730872e-01,1.523945307494584789e+00,3.781118856231072911e+00,5.366156690733308920e+00,-5.953217837094241460e+00,5.092017483868774619e+00,4.999319843892386039e+00,6.942958589801051517e+00
-1.231878446629819157e+00,-8.628479855229752582e-01,-1.852650007446889902e-01,4.164919293050345361e-01,-1.818600026041566453e+00,-6.325278618971902356e-01,5.727470622257770927e+00,6.606226639230827757e+00,-5.685092000716645444e+00,8.653686802421903579e+00,5.247871113133442122e+00,4.355589457239776863e+00
1.956579062862326412e-01,-1.001402484624956291e+00,-1.648018653455823657e+00,2.434358954106604633e-01,-2.561738949798213039e+00,-6.890056798907447932e-01,4.056488502898882409e+00,6.690025192103396634e+00,-2.331567658168782309e+00,5.552714407733484236e+00,6.007846107145587311e+00,2.146593937367936356e+00
-1.337066816391997426e-01,-2.047520375519126468e+00,-3.749752336434905686e+00,-3.931332829248479488e-01,-1.077515842127685142e+00,1.542742312933534254e+00,2.580269691490353345e+00,5.901132988743353458e+00,-7.691250593657450452e-01,2.210681287616310442e+00,6.434215027836306611e+00,4.875300410899473746e+00
9.668771311119847001e-01,-6.273495735455852929e-01,-3.464873707554440241e+00,3.764108608449281412e-01,-9.895920052136639722e-01,1.161514522980211739e+00,3.628069278143565946e+00,6.131490020509800409e+00,-2.807926682618692382e+00,3.781176319494426785e+00,5.644086292870081678e+00,6.295275496957129846e+00
1.023428666895920269e+00,-1.490947232034514069e+00,-1.063370549377946617e+00,2.724388074533872217e-01,-4.805155746626946778e-01,-1.755875309538191154e+00,3.654881850994777803e+00,4.689417980765189675e+00,-5.528393825976277043e+00,4.667400875369982494e+00,5.661798326079645172e+00,3.049022038497731568e+00
2.150110557047250293e+00,-1.621289848912258691e+00,-2.964810620807731834e-01,-1.087686635188899409e+00,-9.241544841718278835e-01,6.180224836607822736e-01,2.664532191692702057e+00,4.131871114110043486e+00,-5.334562974188928663e+00,4.024744383922982394e+00,6.436296956384975232e+00,3.522493084638647964e+00
1.266245098542744252e+00,-8.409693056241449582e-01,-4.467070844934681872e-01,-9.450716491339776759e-01,-2.703589839154058039e-01,-1.247291591611538131e+00,2.352935829618759911e+00,5.294486498515911244e+00,-2.184654645284031638e+00,4.832681676656637393e+00,6.616047156565080023e+00,5.649768473177917194e+00
1.256567595988526742e+00,-5.209123436247663497e-01,-3.554136627479212329e+00,9.851981865032901631e-01,6.066463566938560259e-01,-2.551671700953049182e+00,1.672367682222062335e+00,2.991517995066215185e+00,-1.891614166973342392e+00,5.547414844407583701e+00,7.085151694555714030e+00,4.583695315487106292e+00
2.417146698983693387e+00,3.423420420221746086e-01,-5.468012133391135343e+00,1.912905303796538226e+00,6.560968323400628854e-01,1.772509328255130079e+00,1.402301657971260163e+00,3.194428186749342480e+00,-4.548483482978879167e+00,5.542356401725575310e+00,6.663883921111593445e+00,4.853820641199991570e+00
1.999619757842334256e+00,7.041442580822796504e-01,-2.990899524647011809e+00,-1.416389906301699364e-01,1.065260057237635394e+00,2.783868292014194612e+00,2.188410837817223786e+00,5.161519878274964057e+00,-7.214884734592697413e+00,3.448410263284237054e+00,6.816941834764618235e+00,6.767420930176283989e+00
9.646047438525601203e-01,3.112914907040449375e-01,-7.596712250334135552e-01,-1.123555366811338718e+00,-1.525906179172539012e+00,-4.163455596841435513e-01,3.793433139321964020e+00,5.691750360447885626e+00,-5.329084179349631967e+00,2.839667799187656883e+00,6.447140902238344573e+00,5.071253234787926445e+00
1.035829306169633313e+00,-2.566617040964844776e-01,6.788594751020975426e-01,-1.970825217969614851e+00,-7.148301052070493711e-01,-2.998344115800775533e+00,5.006537963053346196e+00,6.376420985584982049e+00,-2.529233866513511231e+00,1.454425914995181479e+00,7.646398408348217046e+00,3.384971377637188361e+00
-2.080360628734745365e-02,-8.295629174762977343e-01,-2.782322861236617317e+00,-1.588768468010897106e+00,3.621706258074113283e-01,-9.711881462604883275e-01,3.767405040453775111e+00,4.703163164051236578e+00,-1.541082078909212782e-01,3.066442966190603414e+00,7.223949483958030271e+00,5.153175615421303313e+00
-2.176668615489226077e+00,-2.628618509971152317e-01,-4.108035577763891943e+00,1.697196899449040952e+00,-3.187822838173301143e+00,-2.520907834412113857e-01,4.623391059460301378e+00,4.388386902732331230e+00,-2.616420880557069673e+00,1.018395404878577715e+01,5.566905158542308385e+00,5.490643348955582148e+00
-1.645649893157671961e+00,-1.107320912818145486e-01,-3.029372871602017181e+00,2.739496055782805861e+00,-4.118440239559833849e+00,1.035907301016749438e+00,4.832636701292732262e+00,3.721206062337678144e+00,-4.841557479246951345e+00,9.145626172885091165e+00,5.354959420757586130e+00,4.607999112388112550e+00
7.534819207451137757e-03,-1.807902225159827014e-01,-1.471331302585484835e+00,-2.877547850274729813e-01,-2.540128763284053015e+00,1.359912408171636500e+00,4.065396168114132180e+00,3.073067398277013140e+00,-5.552206172695049347e+00,5.626049868871119131e-01,8.077022293538270503e+00,2.753384930472553282e+00
1.471081049679962671e+00,-7.594261866225597846e-01,-3.180930202323710709e-01,-4.211102352125222659e+00,-1.921930323566371612e+00,-4.543019441167683858e-01,4.572059863224049003e+00,6.011934241154982317e+00,-1.318420469346107460e+00,-6.846078514769136092e-01,6.252954475747578122e+00,6.060362421801588795e+00
1.581846486994021195e+00,-1.260619695530512008e+00,-1.641419606323502034e+00,-3.646624699638710609e+00,-2.492475649143024885e+00,-7.179682574043153576e-01,3.321180551913100132e+00,6.104450065015529781e+00,3.719103162558630160e-01,4.445272293410904574e+00,4.173886015269443917e+00,6.095660541184315662e+00
8.681041898081029995e-01,-2.368645667974292213e+00,-2.154724203230642399e+00,6.095112830632625212e-01,-3.475142993412908332e+00,-1.507253315314915909e-01,4.119815713223559328e+00,3.784732117363432735e+00,-1.764107174036215753e-01,4.822307205518326256e+00,5.689716050834727312e+00,2.054433501081257329e+00
7.464971289730815140e-01,-9.377553478592643987e-01,-2.369222972776462655e+00,3.080844885536041744e+00,-2.529406287482803606e+00,1.845371391610271861e+00,3.968941913572073155e+00,2.010025383505255725e+00,-2.710883466293171118e+00,5.545202534322687171e+00,6.088343999382616722e+00,4.926708257184033712e+00
-2.586553280014266543e-01,2.427463824807717607e+00,-2.090201914853409448e+00,2.880203708208450841e+00,-1.997387761319865174e+00,-1.450964694687728596e-01,4.754551282526016109e+00,8.089492130796367420e-01,-1.601383943903982754e+00,5.737130497143407837e+00,4.782675577584496018e+00,3.677885129263262609e+00
-2.248670046397965194e+00,1.597540861553059521e+00,-8.412007692607401665e-01,-6.086934482895656195e-01,-7.480078423641320917e-01,1.489591720044582956e+00,6.654717642939099065e+00,3.186448218260450993e+00,4.658021322860061986e-01,4.823697145528843322e+00,3.414984659017686663e+00,5.487437335735822153e+00
-3.348281158520842737e+00,-5.568998104568737562e-01,-6.790211283644291829e-01,-2.212927024942084930e+00,-1.704558916373672073e+00,2.041808125015635689e+00,5.846991335580540294e+00,3.337831596232551767e+00,2.098744541113709783e+00,3.277236079611692610e+00,3.458622460117518838e+00,7.928515531651342485e+00
-1.442897591944459768e+00,6.003522344310079362e-01,-1.966815026637586783e+00,1.775244020653421462e+00,-2.148144986929363398e+00,-2.434428890479605201e+00,5.420332938498822806e+00,3.619542836945243813e+00,-2.954857026603994186e-01,-8.673261466362269800e-03,4.306900508165536046e+00,4.791877210409132282e+00
-1.155569605286546508e+00,1.618056367957397379e+00,-2.721818127545462040e+00,2.202103774385236967e+00,-1.438884608281589372e+00,-2.209300241018751887e+00,5.135802701613228827e+00,5.306944258591969721e+00,-3.018768166747916482e+00,2.699741853299243211e+00,4.617001162087944088e+00,2.222352491173781530e+00
-3.488644218277279663e+00,-1.118599074445602914e+00,-3.376181105811172145e+00,9.934883595704446790e-02,-8.931507530256685978e-01,8.389966878750507728e-01,5.211812976787111751e+00,6.012687555812719964e+00,-1.814331686260398868e+00,5.796907755573260879e+00,5.797227449713707514e+00,3.538194632175998056e+00
-4.525915842193184879e+00,-2.527108622493257961e+00,-9.006577877899053508e-01,-8.372490761748260235e-01,-6.829973961814593819e-01,-6.776843756425867671e-01,5.850405858604291964e+00,5.002963190238576274e+00,2.325373448708866864e+00,7.853608908550089751e+00,5.246662491251035121e+00,4.548401650003722096e+00
-3.528879989993249922e+00,-4.378075977148364051e-01,-2.926237906261323074e-01,-1.590005961376358634e+00,-1.022521221361091692e+00,8.323101314925480665e-01,5.232798442089570123e+00,4.633711673012578913e+00,4.109426929386741811e+00,8.901357845062772611e+00,5.209590230851312675e+00,4.065213765574621441e+00
-2.562622331885585414e+00,3.925845799236385436e-01,-1.507726935910972177e+00,-8.850671985609452896e-01,-1.397999139484212172e+00,-6.484968177871324180e-01,3.983304983396819043e+00,4.828507420812822915e+00,5.769515094244934694e-01,7.067279836372568624e+00,6.981173134628340549e+00,4.550353080264919470e+00
-1.856378488901909707e+00,-9.512754879744241832e-01,-4.717032237780614423e+00,-9.504417158092401952e-01,-6.267080868992040976e-01,-1.558303820395119388e+00,3.427519950071115318e+00,5.866323724575988052e+00,-3.580441950275538687e+00,4.626256440073035492e+00,4.503333861719587716e+00,4.957952609674167732e+00
-2.736969358397962626e+00,-1.946944243544922459e+00,-3.753120219952542413e+00,-6.556130942003135509e-03,-1.224376561236242056e+00,1.725091624855118466e-01,2.406053051552568434e+00,4.804445006333999402e+00,-2.561227109038438421e+00,3.115903428004851872e+00,3.301671559239126807e+00,5.966307568101433034e+00
-2.561640507428150748e+00,-5.380962687630521657e-01,-2.159943664332667268e+00,1.762954755872925938e+00,-1.427884855214213378e+00,-1.638143791690184425e+00,2.398718774257984521e+00,2.981422967539768987e+00,3.296672324359811945e+00,3.678250983605062974e+00,3.692330793902033559e+00,3.753516855710441913e+00
-9.913390773313958126e-01,-2.876758355812703005e-01,-1.429933999842837533e+00,1.642212480845887779e+00,-3.644403502179132115e-01,1.377236017855435035e+00,1.477832309500654695e+00,4.353594444037942601e+00,5.389545340331115320e+00,4.054115218922375696e+00,6.148688400590705427e+00,3.721102504340284334e+00
-1.056769796014828788e+00,-2.885595533548598324e-01,-2.794503445044821177e+00,1.083090011598699665e+00,-1.380432962374760208e+00,2.497806290360156112e+00,4.167258891973620649e+00,5.486485952944832434e+00,2.519490343192760662e-01,3.409630610888273239e+00,6.497457287133940440e+00,4.337604040259845029e+00
2.274903620720447606e-02,1.178709472965589367e+00,-2.191907922540884179e+00,1.147040859111712718e+00,-1.401092978881083306e+00,-3.073230208175671940e+00,3.143035241306364469e+00,6.164143814132094334e+00,-4.478989164556972824e+00,3.865238097566201958e+00,4.555747830634098605e+00,2.919483985102220736e+00
-7.017977424499139971e-01,5.864426458347605786e-01,-1.052410741057270505e+00,-1.888349389452816052e+00,2.640406417979335174e-02,-1.251767083818635440e+00,1.900322526990272820e+00,4.288786027707170767e+00,-3.078458539960416296e+00,4.917959417157974578e+00,4.466967039398555883e+00,5.277507025041583866e+00
-4.761575079868316518e-01,2.033879914173333692e+00,-2.119219470474183797e+00,-1.503623604112065859e+00,1.245419952932540264e+00,8.331834933385302566e-01,3.225788328670576632e+00,2.650018181237939530e+00,2.432707009371107176e+00,3.829198120567822272e+00,6.021729223149659305e+00,6.293117544191258794e+00
-4.431170435912721306e-01,3.345382851260067181e+00,-3.650137045873921515e+00,-1.583532031681139873e+00,-1.326217744881489358e-01,9.462570124815141703e-01,4.987162622205645768e+00,4.128336989800555301e+00,4.831569541643757404e+00,3.211246100750840160e+00,5.343902502998334469e+00,4.456169118280132402e+00
2.268017495856458066e-01,2.729099977591017634e+00,-4.479510528684833126e+00,-1.726598591179097086e-01,8.178885935778972271e-01,1.721393428966342398e+00,5.703450235584239358e+00,1.609590439570473208e+00,8.657061566026489352e-01,5.832052241539065207e+00,3.275055400053695553e+00,5.038320002771330408e+00
6.307699118156784301e-02,3.615462745775235298e+00,-1.710251122774079313e+00,3.217555815846976586e+00,1.736861623118536535e+00,4.848628069717411115e-01,4.543319198418915406e+00,2.863637671601732215e+00,-2.504718404866139281e+00,8.080870330493329590e+00,3.499845759335292961e+00,6.471067310492218283e+00
