DATE,GS1,GS5,GS10,DFII5,DFII10,USREC
1953-04-01,2.36,2.62,2.83,,,0
1953-05-01,2.48,2.87,3.05,,,0
1953-06-01,2.45,2.94,3.11,,,0
1953-07-01,2.38,2.75,2.93,,,0
1953-08-01,2.28,2.8,2.95,,,1
1953-09-01,2.2,2.71,2.87,,,1
1953-10-01,1.79,2.43,2.66,,,1
1953-11-01,1.67,2.42,2.68,,,1
1953-12-01,1.66,2.32,2.59,,,1
1954-01-01,1.41,2.17,2.48,,,1
1954-02-01,1.14,2.04,2.47,,,1
1954-03-01,1.13,1.93,2.37,,,1
1954-04-01,0.96,1.87,2.29,,,1
1954-05-01,0.85,1.92,2.37,,,1
1954-06-01,0.82,1.92,2.38,,,0
1954-07-01,0.84,1.85,2.3,,,0
1954-08-01,0.88,1.9,2.36,,,0
1954-09-01,1.03,1.96,2.38,,,0
1954-10-01,1.17,2.02,2.43,,,0
1954-11-01,1.14,2.09,2.48,,,0
1954-12-01,1.21,2.16,2.51,,,0
1955-01-01,1.39,2.32,2.61,,,0
1955-02-01,1.57,2.38,2.65,,,0
1955-03-01,1.59,2.48,2.68,,,0
1955-04-01,1.75,2.55,2.75,,,0
1955-05-01,1.9,2.56,2.76,,,0
1955-06-01,1.91,2.59,2.78,,,0
1955-07-01,2.02,2.72,2.9,,,0
1955-08-01,2.37,2.86,2.97,,,0
1955-09-01,2.36,2.85,2.97,,,0
1955-10-01,2.39,2.76,2.88,,,0
1955-11-01,2.48,2.81,2.89,,,0
1955-12-01,2.73,2.93,2.96,,,0
1956-01-01,2.58,2.84,2.9,,,0
1956-02-01,2.49,2.74,2.84,,,0
1956-03-01,2.61,2.93,2.96,,,0
1956-04-01,2.92,3.2,3.18,,,0
1956-05-01,2.94,3.08,3.07,,,0
1956-06-01,2.74,2.97,3.0,,,0
1956-07-01,2.76,3.12,3.11,,,0
1956-08-01,3.1,3.41,3.33,,,0
1956-09-01,3.35,3.47,3.38,,,0
1956-10-01,3.28,3.4,3.34,,,0
1956-11-01,3.44,3.56,3.49,,,0
1956-12-01,3.68,3.7,3.59,,,0
1957-01-01,3.37,3.47,3.46,,,0
1957-02-01,3.38,3.39,3.34,,,0
1957-03-01,3.42,3.46,3.41,,,0
1957-04-01,3.49,3.53,3.48,,,0
1957-05-01,3.48,3.64,3.6,,,0
1957-06-01,3.65,3.83,3.8,,,0
1957-07-01,3.81,4.0,3.93,,,0
1957-08-01,4.01,4.0,3.93,,,0
1957-09-01,4.07,4.03,3.92,,,1
1957-10-01,4.01,4.08,3.97,,,1
1957-11-01,3.57,3.72,3.72,,,1
1957-12-01,3.18,3.08,3.21,,,1
1958-01-01,2.65,2.88,3.09,,,1
1958-02-01,1.99,2.78,3.05,,,1
1958-03-01,1.84,2.64,2.98,,,1
1958-04-01,1.45,2.46,2.88,,,1
1958-05-01,1.37,2.41,2.92,,,0
1958-06-01,1.23,2.46,2.97,,,0
1958-07-01,1.61,2.77,3.2,,,0
1958-08-01,2.5,3.29,3.54,,,0
1958-09-01,3.05,3.69,3.76,,,0
1958-10-01,3.19,3.78,3.8,,,0
1958-11-01,3.1,3.7,3.74,,,0
1958-12-01,3.29,3.82,3.86,,,0
1959-01-01,3.36,4.01,4.02,,,0
1959-02-01,3.54,3.96,3.96,,,0
1959-03-01,3.61,3.99,3.99,,,0
1959-04-01,3.72,4.12,4.12,,,0
1959-05-01,3.96,4.35,4.31,,,0
1959-06-01,4.07,4.5,4.34,,,0
1959-07-01,4.39,4.58,4.4,,,0
1959-08-01,4.42,4.57,4.43,,,0
1959-09-01,5.0,4.9,4.68,,,0
1959-10-01,4.8,4.72,4.53,,,0
1959-11-01,4.81,4.75,4.53,,,0
1959-12-01,5.14,5.01,4.69,,,0
1960-01-01,5.03,4.92,4.72,,,0
1960-02-01,4.66,4.69,4.49,,,0
1960-03-01,4.02,4.31,4.25,,,0
1960-04-01,4.04,4.29,4.28,,,0
1960-05-01,4.21,4.49,4.35,,,1
1960-06-01,3.36,4.12,4.15,,,1
1960-07-01,3.2,3.79,3.9,,,1
1960-08-01,2.95,3.62,3.8,,,1
1960-09-01,3.07,3.61,3.8,,,1
1960-10-01,3.04,3.76,3.89,,,1
1960-11-01,3.08,3.81,3.93,,,1
1960-12-01,2.86,3.67,3.84,,,1
1961-01-01,2.81,3.67,3.84,,,1
1961-02-01,2.93,3.66,3.78,,,1
1961-03-01,2.88,3.6,3.74,,,0
1961-04-01,2.88,3.57,3.78,,,0
1961-05-01,2.87,3.47,3.71,,,0
1961-06-01,3.06,3.81,3.88,,,0
1961-07-01,2.92,3.84,3.92,,,0
1961-08-01,3.06,3.96,4.04,,,0
1961-09-01,3.06,3.9,3.98,,,0
1961-10-01,3.05,3.8,3.92,,,0
1961-11-01,3.07,3.82,3.94,,,0
1961-12-01,3.18,3.91,4.06,,,0
1962-01-01,3.28,3.94,4.08,,,0
1962-02-01,3.28,3.89,4.04,,,0
1962-03-01,3.06,3.68,3.93,,,0
1962-04-01,2.99,3.6,3.84,,,0
1962-05-01,3.03,3.66,3.87,,,0
1962-06-01,3.03,3.64,3.91,,,0
1962-07-01,3.29,3.8,4.01,,,0
1962-08-01,3.2,3.71,3.98,,,0
1962-09-01,3.06,3.7,3.98,,,0
1962-10-01,2.98,3.64,3.93,,,0
1962-11-01,3.0,3.6,3.92,,,0
1962-12-01,3.01,3.56,3.86,,,0
1963-01-01,3.04,3.58,3.83,,,0
1963-02-01,3.01,3.66,3.92,,,0
1963-03-01,3.03,3.68,3.93,,,0
1963-04-01,3.11,3.74,3.97,,,0
1963-05-01,3.12,3.72,3.93,,,0
1963-06-01,3.2,3.81,3.99,,,0
1963-07-01,3.48,3.89,4.02,,,0
1963-08-01,3.53,3.89,4.0,,,0
1963-09-01,3.57,3.96,4.08,,,0
1963-10-01,3.64,3.97,4.11,,,0
1963-11-01,3.74,4.01,4.12,,,0
1963-12-01,3.81,4.04,4.13,,,0
1964-01-01,3.79,4.07,4.17,,,0
1964-02-01,3.78,4.03,4.15,,,0
1964-03-01,3.91,4.14,4.22,,,0
1964-04-01,3.91,4.15,4.23,,,0
1964-05-01,3.84,4.05,4.2,,,0
1964-06-01,3.83,4.02,4.17,,,0
1964-07-01,3.72,4.03,4.19,,,0
1964-08-01,3.74,4.05,4.19,,,0
1964-09-01,3.84,4.08,4.2,,,0
1964-10-01,3.86,4.07,4.19,,,0
1964-11-01,3.91,4.04,4.15,,,0
1964-12-01,4.02,4.09,4.18,,,0
1965-01-01,3.94,4.1,4.19,,,0
1965-02-01,4.03,4.15,4.21,,,0
1965-03-01,4.06,4.15,4.21,,,0
1965-04-01,4.04,4.15,4.2,,,0
1965-05-01,4.03,4.15,4.21,,,0
1965-06-01,3.99,4.15,4.21,,,0
1965-07-01,3.98,4.15,4.2,,,0
1965-08-01,4.07,4.2,4.25,,,0
1965-09-01,4.2,4.25,4.29,,,0
1965-10-01,4.3,4.34,4.35,,,0
1965-11-01,4.37,4.46,4.45,,,0
1965-12-01,4.72,4.72,4.62,,,0
1966-01-01,4.88,4.86,4.61,,,0
1966-02-01,4.94,4.98,4.83,,,0
1966-03-01,4.97,4.92,4.87,,,0
1966-04-01,4.9,4.83,4.75,,,0
1966-05-01,4.93,4.89,4.78,,,0
1966-06-01,4.97,4.97,4.81,,,0
1966-07-01,5.17,5.17,5.02,,,0
1966-08-01,5.54,5.5,5.22,,,0
1966-09-01,5.82,5.5,5.18,,,0
1966-10-01,5.58,5.27,5.01,,,0
1966-11-01,5.54,5.36,5.16,,,0
1966-12-01,5.2,5.0,4.84,,,0
1967-01-01,4.75,4.7,4.58,,,0
1967-02-01,4.71,4.74,4.63,,,0
1967-03-01,4.35,4.54,4.54,,,0
1967-04-01,4.11,4.51,4.59,,,0
1967-05-01,4.15,4.75,4.85,,,0
1967-06-01,4.48,5.01,5.02,,,0
1967-07-01,5.01,5.23,5.16,,,0
1967-08-01,5.13,5.31,5.28,,,0
1967-09-01,5.24,5.4,5.3,,,0
1967-10-01,5.37,5.57,5.48,,,0
1967-11-01,5.61,5.78,5.75,,,0
1967-12-01,5.71,5.75,5.7,,,0
1968-01-01,5.43,5.54,5.53,,,0
1968-02-01,5.41,5.59,5.56,,,0
1968-03-01,5.58,5.76,5.74,,,0
1968-04-01,5.71,5.69,5.64,,,0
1968-05-01,6.14,6.04,5.87,,,0
1968-06-01,5.98,5.85,5.72,,,0
1968-07-01,5.65,5.6,5.5,,,0
1968-08-01,5.43,5.5,5.42,,,0
1968-09-01,5.45,5.48,5.46,,,0
1968-10-01,5.57,5.55,5.58,,,0
1968-11-01,5.75,5.66,5.7,,,0
1968-12-01,6.19,6.12,6.03,,,0
1969-01-01,6.34,6.25,6.04,,,0
1969-02-01,6.41,6.34,6.19,,,0
1969-03-01,6.34,6.41,6.3,,,0
1969-04-01,6.26,6.3,6.17,,,0
1969-05-01,6.42,6.54,6.32,,,0
1969-06-01,7.04,6.75,6.57,,,0
1969-07-01,7.6,7.01,6.72,,,0
1969-08-01,7.54,7.03,6.69,,,0
1969-09-01,7.82,7.57,7.16,,,0
1969-10-01,7.64,7.51,7.1,,,0
1969-11-01,7.89,7.53,7.14,,,0
1969-12-01,8.17,7.96,7.65,,,0
1970-01-01,8.1,8.17,7.79,,,1
1970-02-01,7.59,7.82,7.24,,,1
1970-03-01,6.97,7.21,7.07,,,1
1970-04-01,7.06,7.5,7.39,,,1
1970-05-01,7.75,7.97,7.91,,,1
1970-06-01,7.55,7.85,7.84,,,1
1970-07-01,7.1,7.59,7.46,,,1
1970-08-01,6.98,7.57,7.53,,,1
1970-09-01,6.73,7.29,7.39,,,1
1970-10-01,6.43,7.12,7.33,,,1
1970-11-01,5.51,6.47,6.84,,,1
1970-12-01,5.0,5.95,6.39,,,0
1971-01-01,4.57,5.89,6.24,,,0
1971-02-01,3.89,5.56,6.11,,,0
1971-03-01,3.69,5.0,5.7,,,0
1971-04-01,4.3,5.65,5.83,,,0
1971-05-01,5.04,6.28,6.39,,,0
1971-06-01,5.64,6.53,6.52,,,0
1971-07-01,6.04,6.85,6.73,,,0
1971-08-01,5.8,6.55,6.58,,,0
1971-09-01,5.41,6.14,6.14,,,0
1971-10-01,4.91,5.93,5.93,,,0
1971-11-01,4.67,5.78,5.81,,,0
1971-12-01,4.6,5.69,5.93,,,0
1972-01-01,4.28,5.59,5.95,,,0
1972-02-01,4.27,5.69,6.08,,,0
1972-03-01,4.67,5.87,6.07,,,0
1972-04-01,4.96,6.17,6.19,,,0
1972-05-01,4.64,5.85,6.13,,,0
1972-06-01,4.93,5.91,6.11,,,0
1972-07-01,4.96,5.97,6.11,,,0
1972-08-01,4.98,6.02,6.21,,,0
1972-09-01,5.52,6.25,6.55,,,0
1972-10-01,5.52,6.18,6.48,,,0
1972-11-01,5.27,6.12,6.28,,,0
1972-12-01,5.52,6.16,6.36,,,0
1973-01-01,5.89,6.34,6.46,,,0
1973-02-01,6.19,6.6,6.64,,,0
1973-03-01,6.85,6.8,6.71,,,0
1973-04-01,6.85,6.67,6.67,,,0
1973-05-01,6.89,6.8,6.85,,,0
1973-06-01,7.31,6.69,6.9,,,0
1973-07-01,8.39,7.33,7.13,,,0
1973-08-01,8.82,7.63,7.4,,,0
1973-09-01,8.31,7.05,7.09,,,0
1973-10-01,7.4,6.77,6.79,,,0
1973-11-01,7.57,6.92,6.73,,,0
1973-12-01,7.27,6.8,6.74,,,1
1974-01-01,7.42,6.95,6.99,,,1
1974-02-01,6.88,6.82,6.96,,,1
1974-03-01,7.76,7.31,7.21,,,1
1974-04-01,8.62,7.92,7.51,,,1
1974-05-01,8.78,8.18,7.58,,,1
1974-06-01,8.67,8.1,7.54,,,1
1974-07-01,8.8,8.38,7.81,,,1
1974-08-01,9.36,8.63,8.04,,,1
1974-09-01,8.87,8.37,8.04,,,1
1974-10-01,8.05,7.97,7.9,,,1
1974-11-01,7.66,7.68,7.68,,,1
1974-12-01,7.31,7.31,7.43,,,1
1975-01-01,6.83,7.41,7.5,,,1
1975-02-01,5.98,7.11,7.39,,,1
1975-03-01,6.11,7.3,7.73,,,1
1975-04-01,6.9,7.99,8.23,,,0
1975-05-01,6.39,7.72,8.06,,,0
1975-06-01,6.29,7.51,7.86,,,0
1975-07-01,7.11,7.92,8.06,,,0
1975-08-01,7.7,8.33,8.4,,,0
1975-09-01,7.75,8.37,8.43,,,0
1975-10-01,6.95,7.97,8.14,,,0
1975-11-01,6.49,7.8,8.05,,,0
1975-12-01,6.6,7.76,8.0,,,0
1976-01-01,5.81,7.46,7.74,,,0
1976-02-01,5.91,7.45,7.79,,,0
1976-03-01,6.21,7.49,7.73,,,0
1976-04-01,5.92,7.25,7.56,,,0
1976-05-01,6.4,7.59,7.9,,,0
1976-06-01,6.52,7.61,7.86,,,0
1976-07-01,6.2,7.49,7.83,,,0
1976-08-01,6.0,7.31,7.77,,,0
1976-09-01,5.84,7.13,7.59,,,0
1976-10-01,5.5,6.75,7.41,,,0
1976-11-01,5.29,6.52,7.29,,,0
1976-12-01,4.89,6.1,6.87,,,0
1977-01-01,5.29,6.58,7.21,,,0
1977-02-01,5.47,6.83,7.39,,,0
1977-03-01,5.5,6.93,7.46,,,0
1977-04-01,5.44,6.79,7.37,,,0
1977-05-01,5.84,6.94,7.46,,,0
1977-06-01,5.8,6.76,7.28,,,0
1977-07-01,5.94,6.84,7.33,,,0
1977-08-01,6.37,7.03,7.4,,,0
1977-09-01,6.53,7.04,7.34,,,0
1977-10-01,6.97,7.32,7.52,,,0
1977-11-01,6.95,7.34,7.58,,,0
1977-12-01,6.96,7.48,7.69,,,0
1978-01-01,7.28,7.77,7.96,,,0
1978-02-01,7.34,7.83,8.03,,,0
1978-03-01,7.31,7.86,8.04,,,0
1978-04-01,7.45,7.98,8.15,,,0
1978-05-01,7.82,8.18,8.35,,,0
1978-06-01,8.09,8.36,8.46,,,0
1978-07-01,8.39,8.54,8.64,,,0
1978-08-01,8.31,8.33,8.41,,,0
1978-09-01,8.64,8.43,8.42,,,0
1978-10-01,9.14,8.61,8.64,,,0
1978-11-01,10.01,8.84,8.81,,,0
1978-12-01,10.3,9.08,9.01,,,0
1979-01-01,10.41,9.2,9.1,,,0
1979-02-01,10.24,9.13,9.1,,,0
1979-03-01,10.25,9.2,9.12,,,0
1979-04-01,10.12,9.25,9.18,,,0
1979-05-01,10.12,9.24,9.25,,,0
1979-06-01,9.57,8.85,8.91,,,0
1979-07-01,9.64,8.9,8.95,,,0
1979-08-01,9.98,9.06,9.03,,,0
1979-09-01,10.84,9.41,9.33,,,0
1979-10-01,12.44,10.63,10.3,,,0
1979-11-01,12.39,10.93,10.65,,,0
1979-12-01,11.98,10.42,10.39,,,0
1980-01-01,12.06,10.74,10.8,,,0
1980-02-01,13.92,12.6,12.41,,,1
1980-03-01,15.82,13.47,12.75,,,1
1980-04-01,13.3,11.84,11.47,,,1
1980-05-01,9.39,9.95,10.18,,,1
1980-06-01,8.16,9.21,9.78,,,1
1980-07-01,8.65,9.53,10.25,,,1
1980-08-01,10.24,10.84,11.1,,,0
1980-09-01,11.52,11.62,11.51,,,0
1980-10-01,12.49,11.86,11.75,,,0
1980-11-01,14.15,12.83,12.68,,,0
1980-12-01,14.88,13.25,12.84,,,0
1981-01-01,14.08,12.77,12.57,,,0
1981-02-01,14.57,13.41,13.19,,,0
1981-03-01,13.71,13.41,13.12,,,0
1981-04-01,14.32,13.99,13.68,,,0
1981-05-01,16.2,14.63,14.1,,,0
1981-06-01,14.86,13.95,13.47,,,0
1981-07-01,15.72,14.79,14.28,,,0
1981-08-01,16.72,15.56,14.94,,,1
1981-09-01,16.52,15.93,15.32,,,1
1981-10-01,15.38,15.41,15.15,,,1
1981-11-01,12.41,13.38,13.39,,,1
1981-12-01,12.85,13.6,13.72,,,1
1982-01-01,14.32,14.65,14.59,,,1
1982-02-01,14.73,14.54,14.43,,,1
1982-03-01,13.95,13.98,13.86,,,1
1982-04-01,13.98,14.0,13.87,,,1
1982-05-01,13.34,13.75,13.62,,,1
1982-06-01,14.07,14.43,14.3,,,1
1982-07-01,13.24,14.07,13.95,,,1
1982-08-01,11.43,13.0,13.06,,,1
1982-09-01,10.85,12.25,12.34,,,1
1982-10-01,9.32,10.8,10.91,,,1
1982-11-01,9.16,10.38,10.55,,,1
1982-12-01,8.91,10.22,10.54,,,0
1983-01-01,8.62,10.03,10.46,,,0
1983-02-01,8.92,10.26,10.72,,,0
1983-03-01,9.04,10.08,10.51,,,0
1983-04-01,8.98,10.02,10.4,,,0
1983-05-01,8.9,10.03,10.38,,,0
1983-06-01,9.66,10.63,10.85,,,0
1983-07-01,10.2,11.21,11.38,,,0
1983-08-01,10.53,11.63,11.85,,,0
1983-09-01,10.16,11.43,11.65,,,0
1983-10-01,9.81,11.28,11.54,,,0
1983-11-01,9.94,11.41,11.69,,,0
1983-12-01,10.11,11.54,11.83,,,0
1984-01-01,9.9,11.37,11.67,,,0
1984-02-01,10.04,11.54,11.84,,,0
1984-03-01,10.59,12.02,12.32,,,0
1984-04-01,10.9,12.37,12.63,,,0
1984-05-01,11.66,13.17,13.41,,,0
1984-06-01,12.08,13.48,13.56,,,0
1984-07-01,12.03,13.27,13.36,,,0
1984-08-01,11.82,12.68,12.72,,,0
1984-09-01,11.58,12.53,12.52,,,0
1984-10-01,10.9,12.06,12.16,,,0
1984-11-01,9.82,11.33,11.57,,,0
1984-12-01,9.33,11.07,11.5,,,0
1985-01-01,9.02,10.93,11.38,,,0
1985-02-01,9.29,11.13,11.51,,,0
1985-03-01,9.86,11.52,11.86,,,0
1985-04-01,9.14,11.01,11.43,,,0
1985-05-01,8.46,10.34,10.85,,,0
1985-06-01,7.8,9.6,10.16,,,0
1985-07-01,7.86,9.7,10.31,,,0
1985-08-01,8.05,9.81,10.33,,,0
1985-09-01,8.07,9.81,10.37,,,0
1985-10-01,8.01,9.69,10.24,,,0
1985-11-01,7.88,9.28,9.78,,,0
1985-12-01,7.67,8.73,9.26,,,0
1986-01-01,7.73,8.68,9.19,,,0
1986-02-01,7.61,8.34,8.7,,,0
1986-03-01,7.03,7.46,7.78,,,0
1986-04-01,6.44,7.05,7.3,,,0
1986-05-01,6.65,7.52,7.71,,,0
1986-06-01,6.73,7.64,7.8,,,0
1986-07-01,6.27,7.06,7.3,,,0
1986-08-01,5.93,6.8,7.17,,,0
1986-09-01,5.77,6.92,7.45,,,0
1986-10-01,5.72,6.83,7.43,,,0
1986-11-01,5.8,6.76,7.25,,,0
1986-12-01,5.87,6.67,7.11,,,0
1987-01-01,5.78,6.64,7.08,,,0
1987-02-01,5.96,6.79,7.25,,,0
1987-03-01,6.03,6.79,7.25,,,0
1987-04-01,6.5,7.57,8.02,,,0
1987-05-01,7.0,8.26,8.61,,,0
1987-06-01,6.8,8.02,8.4,,,0
1987-07-01,6.68,8.01,8.45,,,0
1987-08-01,7.03,8.32,8.76,,,0
1987-09-01,7.67,8.94,9.42,,,0
1987-10-01,7.59,9.08,9.52,,,0
1987-11-01,6.96,8.35,8.86,,,0
1987-12-01,7.17,8.45,8.99,,,0
1988-01-01,6.99,8.18,8.67,,,0
1988-02-01,6.64,7.71,8.21,,,0
1988-03-01,6.71,7.83,8.37,,,0
1988-04-01,7.01,8.19,8.72,,,0
1988-05-01,7.4,8.58,9.09,,,0
1988-06-01,7.49,8.49,8.92,,,0
1988-07-01,7.75,8.66,9.06,,,0
1988-08-01,8.17,8.94,9.26,,,0
1988-09-01,8.09,8.69,8.98,,,0
1988-10-01,8.11,8.51,8.8,,,0
1988-11-01,8.48,8.79,8.96,,,0
1988-12-01,8.99,9.09,9.11,,,0
1989-01-01,9.05,9.15,9.09,,,0
1989-02-01,9.25,9.27,9.17,,,0
1989-03-01,9.57,9.51,9.36,,,0
1989-04-01,9.36,9.3,9.18,,,0
1989-05-01,8.98,8.91,8.86,,,0
1989-06-01,8.44,8.29,8.28,,,0
1989-07-01,7.89,7.83,8.02,,,0
1989-08-01,8.18,8.09,8.11,,,0
1989-09-01,8.22,8.17,8.19,,,0
1989-10-01,7.99,7.97,8.01,,,0
1989-11-01,7.77,7.81,7.87,,,0
1989-12-01,7.72,7.75,7.84,,,0
1990-01-01,7.92,8.12,8.21,,,0
1990-02-01,8.11,8.42,8.47,,,0
1990-03-01,8.35,8.6,8.59,,,0
1990-04-01,8.4,8.77,8.79,,,0
1990-05-01,8.32,8.74,8.76,,,0
1990-06-01,8.1,8.43,8.48,,,0
1990-07-01,7.94,8.33,8.47,,,0
1990-08-01,7.78,8.44,8.75,,,1
1990-09-01,7.76,8.51,8.89,,,1
1990-10-01,7.55,8.33,8.72,,,1
1990-11-01,7.31,8.02,8.39,,,1
1990-12-01,7.05,7.73,8.08,,,1
1991-01-01,6.64,7.7,8.09,,,1
1991-02-01,6.27,7.47,7.85,,,1
1991-03-01,6.4,7.77,8.11,,,1
1991-04-01,6.24,7.7,8.04,,,0
1991-05-01,6.13,7.7,8.07,,,0
1991-06-01,6.36,7.94,8.28,,,0
1991-07-01,6.31,7.91,8.27,,,0
1991-08-01,5.78,7.43,7.9,,,0
1991-09-01,5.57,7.14,7.65,,,0
1991-10-01,5.33,6.87,7.53,,,0
1991-11-01,4.89,6.62,7.42,,,0
1991-12-01,4.38,6.19,7.09,,,0
1992-01-01,4.15,6.24,7.03,,,0
1992-02-01,4.29,6.58,7.34,,,0
1992-03-01,4.63,6.95,7.54,,,0
1992-04-01,4.3,6.78,7.48,,,0
1992-05-01,4.19,6.69,7.39,,,0
1992-06-01,4.17,6.48,7.26,,,0
1992-07-01,3.6,5.84,6.84,,,0
1992-08-01,3.47,5.6,6.59,,,0
1992-09-01,3.18,5.38,6.42,,,0
1992-10-01,3.3,5.6,6.59,,,0
1992-11-01,3.68,6.04,6.87,,,0
1992-12-01,3.71,6.08,6.77,,,0
1993-01-01,3.5,5.83,6.6,,,0
1993-02-01,3.39,5.43,6.26,,,0
1993-03-01,3.33,5.19,5.98,,,0
1993-04-01,3.24,5.13,5.97,,,0
1993-05-01,3.36,5.2,6.04,,,0
1993-06-01,3.54,5.22,5.96,,,0
1993-07-01,3.47,5.09,5.81,,,0
1993-08-01,3.44,5.03,5.68,,,0
1993-09-01,3.36,4.73,5.36,,,0
1993-10-01,3.39,4.71,5.33,,,0
1993-11-01,3.58,5.06,5.72,,,0
1993-12-01,3.61,5.15,5.77,,,0
1994-01-01,3.54,5.09,5.75,,,0
1994-02-01,3.87,5.4,5.97,,,0
1994-03-01,4.32,5.94,6.48,,,0
1994-04-01,4.82,6.52,6.97,,,0
1994-05-01,5.31,6.78,7.18,,,0
1994-06-01,5.27,6.7,7.1,,,0
1994-07-01,5.48,6.91,7.3,,,0
1994-08-01,5.56,6.88,7.24,,,0
1994-09-01,5.76,7.08,7.46,,,0
1994-10-01,6.11,7.4,7.74,,,0
1994-11-01,6.54,7.72,7.96,,,0
1994-12-01,7.14,7.78,7.81,,,0
1995-01-01,7.05,7.76,7.78,,,0
1995-02-01,6.7,7.37,7.47,,,0
1995-03-01,6.43,7.05,7.2,,,0
1995-04-01,6.27,6.86,7.06,,,0
1995-05-01,6.0,6.41,6.63,,,0
1995-06-01,5.64,5.93,6.17,,,0
1995-07-01,5.59,6.01,6.28,,,0
1995-08-01,5.75,6.24,6.49,,,0
1995-09-01,5.62,6.0,6.2,,,0
1995-10-01,5.59,5.86,6.04,,,0
1995-11-01,5.43,5.69,5.93,,,0
1995-12-01,5.31,5.51,5.71,,,0
1996-01-01,5.09,5.36,5.65,,,0
1996-02-01,4.94,5.38,5.81,,,0
1996-03-01,5.34,5.97,6.27,,,0
1996-04-01,5.54,6.3,6.51,,,0
1996-05-01,5.64,6.48,6.74,,,0
1996-06-01,5.81,6.69,6.91,,,0
1996-07-01,5.85,6.64,6.87,,,0
1996-08-01,5.67,6.39,6.64,,,0
1996-09-01,5.83,6.6,6.83,,,0
1996-10-01,5.55,6.27,6.53,,,0
1996-11-01,5.42,5.97,6.2,,,0
1996-12-01,5.47,6.07,6.3,,,0
1997-01-01,5.61,6.33,6.58,,,0
1997-02-01,5.53,6.2,6.42,,,0
1997-03-01,5.8,6.54,6.69,,,0
1997-04-01,5.99,6.76,6.89,,,0
1997-05-01,5.87,6.57,6.71,,,0
1997-06-01,5.69,6.38,6.49,,,0
1997-07-01,5.54,6.12,6.22,,,0
1997-08-01,5.56,6.16,6.3,,,0
1997-09-01,5.52,6.11,6.21,,,0
1997-10-01,5.46,5.93,6.03,,,0
1997-11-01,5.46,5.8,5.88,,,0
1997-12-01,5.53,5.77,5.81,,,0
1998-01-01,5.24,5.42,5.54,,,0
1998-02-01,5.31,5.49,5.57,,,0
1998-03-01,5.39,5.61,5.65,,,0
1998-04-01,5.38,5.61,5.64,,,0
1998-05-01,5.44,5.63,5.65,,,0
1998-06-01,5.41,5.52,5.5,,,0
1998-07-01,5.36,5.46,5.46,,,0
1998-08-01,5.21,5.27,5.34,,,0
1998-09-01,4.71,4.62,4.81,,,0
1998-10-01,4.12,4.18,4.53,,,0
1998-11-01,4.53,4.54,4.83,,,0
1998-12-01,4.52,4.45,4.65,,,0
1999-01-01,4.51,4.6,4.72,,,0
1999-02-01,4.7,4.91,5.0,,,0
1999-03-01,4.78,5.14,5.23,,,0
1999-04-01,4.69,5.08,5.18,,,0
1999-05-01,4.85,5.44,5.54,,,0
1999-06-01,5.1,5.81,5.9,,,0
1999-07-01,5.03,5.68,5.79,,,0
1999-08-01,5.2,5.84,5.94,,,0
1999-09-01,5.25,5.8,5.92,,,0
1999-10-01,5.43,6.03,6.11,,,0
1999-11-01,5.55,5.97,6.03,,,0
1999-12-01,5.84,6.19,6.28,,,0
2000-01-01,6.12,6.58,6.66,,,0
2000-02-01,6.22,6.68,6.52,,,0
2000-03-01,6.22,6.5,6.26,,,0
2000-04-01,6.15,6.26,5.99,,,0
2000-05-01,6.33,6.69,6.44,,,0
2000-06-01,6.17,6.3,6.1,,,0
2000-07-01,6.08,6.18,6.05,,,0
2000-08-01,6.18,6.06,5.83,,,0
2000-09-01,6.13,5.93,5.8,,,0
2000-10-01,6.01,5.78,5.74,,,0
2000-11-01,6.09,5.7,5.72,,,0
2000-12-01,5.6,5.17,5.24,,,0
2001-01-01,4.81,4.86,5.16,,,0
2001-02-01,4.68,4.89,5.1,,,0
2001-03-01,4.3,4.64,4.89,,,0
2001-04-01,3.98,4.76,5.14,,,1
2001-05-01,3.78,4.93,5.39,,,1
2001-06-01,3.58,4.81,5.28,,,1
2001-07-01,3.62,4.76,5.24,,,1
2001-08-01,3.47,4.57,4.97,,,1
2001-09-01,2.82,4.12,4.73,,,1
2001-10-01,2.33,3.91,4.57,,,1
2001-11-01,2.18,3.97,4.65,,,1
2001-12-01,2.22,4.39,5.09,,,0
2002-01-01,2.16,4.34,5.04,,,0
2002-02-01,2.23,4.3,4.91,,,0
2002-03-01,2.57,4.74,5.28,,,0
2002-04-01,2.48,4.65,5.21,,,0
2002-05-01,2.35,4.49,5.16,,,0
2002-06-01,2.2,4.19,4.93,,,0
2002-07-01,1.96,3.81,4.65,,,0
2002-08-01,1.76,3.29,4.26,,,0
2002-09-01,1.72,2.94,3.87,,,0
2002-10-01,1.65,2.95,3.94,,,0
2002-11-01,1.49,3.05,4.05,,,0
2002-12-01,1.45,3.03,4.03,,,0
2003-01-01,1.36,3.05,4.05,1.65,2.29,0
2003-02-01,1.3,2.9,3.9,1.24,1.99,0
2003-03-01,1.24,2.78,3.81,1.09,1.94,0
2003-04-01,1.27,2.93,3.96,1.36,2.18,0
2003-05-01,1.18,2.52,3.57,1.18,1.91,0
2003-06-01,1.01,2.27,3.33,0.91,1.72,0
2003-07-01,1.12,2.87,3.98,1.3,2.11,0
2003-08-01,1.31,3.37,4.45,1.48,2.32,0
2003-09-01,1.24,3.18,4.27,1.29,2.19,0
2003-10-01,1.25,3.19,4.29,1.21,2.08,0
2003-11-01,1.34,3.29,4.3,1.27,1.96,0
2003-12-01,1.31,3.27,4.27,1.23,1.98,0
2004-01-01,1.24,3.12,4.15,1.09,1.89,0
2004-02-01,1.24,3.07,4.08,0.86,1.76,0
2004-03-01,1.19,2.79,3.83,0.52,1.47,0
2004-04-01,1.43,3.39,4.35,1.02,1.9,0
2004-05-01,1.78,3.85,4.72,1.34,2.09,0
2004-06-01,2.12,3.93,4.73,1.41,2.15,0
2004-07-01,2.1,3.69,4.5,1.29,2.02,0
2004-08-01,2.02,3.47,4.28,1.12,1.86,0
2004-09-01,2.12,3.36,4.13,1.1,1.8,0
2004-10-01,2.23,3.35,4.1,0.97,1.73,0
2004-11-01,2.5,3.53,4.19,0.9,1.68,0
2004-12-01,2.67,3.6,4.23,0.92,1.67,0
2005-01-01,2.86,3.71,4.22,1.13,1.72,0
2005-02-01,3.03,3.77,4.17,1.08,1.63,0
2005-03-01,3.3,4.17,4.5,1.29,1.79,0
2005-04-01,3.32,4.0,4.34,1.23,1.71,0
2005-05-01,3.33,3.85,4.14,1.28,1.65,0
2005-06-01,3.36,3.77,4.0,1.39,1.67,0
2005-07-01,3.64,3.98,4.18,1.67,1.88,0
2005-08-01,3.87,4.12,4.26,1.71,1.89,0
2005-09-01,3.85,4.01,4.2,1.4,1.7,0
2005-10-01,4.18,4.33,4.46,1.7,1.94,0
2005-11-01,4.33,4.45,4.54,1.97,2.06,0
2005-12-01,4.35,4.39,4.47,2.09,2.12,0
2006-01-01,4.45,4.35,4.42,1.93,2.01,0
2006-02-01,4.68,4.57,4.57,1.98,2.05,0
2006-03-01,4.77,4.72,4.72,2.09,2.2,0
2006-04-01,4.9,4.9,4.99,2.26,2.41,0
2006-05-01,5.0,5.0,5.11,2.3,2.45,0
2006-06-01,5.16,5.07,5.11,2.45,2.53,0
2006-07-01,5.22,5.04,5.09,2.46,2.51,0
2006-08-01,5.08,4.82,4.88,2.27,2.29,0
2006-09-01,4.97,4.67,4.72,2.38,2.32,0
2006-10-01,5.01,4.69,4.73,2.51,2.41,0
2006-11-01,5.01,4.58,4.6,2.41,2.29,0
2006-12-01,4.94,4.53,4.56,2.28,2.25,0
2007-01-01,5.06,4.75,4.76,2.47,2.44,0
2007-02-01,5.05,4.71,4.72,2.34,2.36,0
2007-03-01,4.92,4.48,4.56,2.04,2.18,0
2007-04-01,4.93,4.59,4.69,2.12,2.26,0
2007-05-01,4.91,4.67,4.75,2.29,2.37,0
2007-06-01,4.96,5.03,5.1,2.65,2.69,0
2007-07-01,4.96,4.88,5.0,2.6,2.64,0
2007-08-01,4.47,4.43,4.67,2.39,2.44,0
2007-09-01,4.14,4.2,4.52,2.14,2.26,0
2007-10-01,4.1,4.2,4.53,2.01,2.2,0
2007-11-01,3.5,3.67,4.15,1.35,1.77,0
2007-12-01,3.26,3.49,4.1,1.27,1.79,0
2008-01-01,2.71,2.98,3.74,0.86,1.47,1
2008-02-01,2.05,2.78,3.74,0.65,1.41,1
2008-03-01,1.54,2.48,3.51,0.23,1.09,1
2008-04-01,1.74,2.84,3.68,0.62,1.36,1
2008-05-01,2.06,3.15,3.88,0.79,1.46,1
2008-06-01,2.42,3.49,4.1,0.97,1.63,1
2008-07-01,2.28,3.3,4.01,0.84,1.57,1
2008-08-01,2.18,3.14,3.89,1.15,1.68,1
2008-09-01,1.91,2.88,3.69,1.55,1.85,1
2008-10-01,1.42,2.73,3.81,2.75,2.75,1
2008-11-01,1.07,2.29,3.53,3.69,2.89,1
2008-12-01,0.49,1.52,2.42,1.76,2.17,1
2009-01-01,0.44,1.6,2.52,1.59,1.91,1
2009-02-01,0.62,1.87,2.87,1.29,1.75,1
2009-03-01,0.64,1.82,2.82,1.23,1.71,1
2009-04-01,0.55,1.86,2.93,1.11,1.57,1
2009-05-01,0.5,2.13,3.29,1.07,1.72,1
2009-06-01,0.51,2.71,3.72,1.18,1.86,1
2009-07-01,0.48,2.46,3.56,1.18,1.82,0
2009-08-01,0.46,2.57,3.59,1.29,1.77,0
2009-09-01,0.4,2.37,3.4,1.03,1.64,0
2009-10-01,0.37,2.33,3.39,0.83,1.48,0
2009-11-01,0.31,2.23,3.4,0.48,1.28,0
2009-12-01,0.37,2.34,3.59,0.43,1.36,0
2010-01-01,0.35,2.48,3.73,0.42,1.37,0
2010-02-01,0.35,2.36,3.69,0.42,1.42,0
2010-03-01,0.4,2.43,3.73,0.56,1.51,0
2010-04-01,0.45,2.58,3.85,0.62,1.5,0
2010-05-01,0.37,2.18,3.42,0.41,1.31,0
2010-06-01,0.32,2.0,3.2,0.34,1.26,0
2010-07-01,0.29,1.76,3.01,0.34,1.24,0
2010-08-01,0.26,1.47,2.7,0.13,1.02,0
2010-09-01,0.26,1.41,2.65,0.13,0.91,0
2010-10-01,0.23,1.18,2.54,-0.32,0.53,0
2010-11-01,0.25,1.35,2.76,-0.21,0.67,0
2010-12-01,0.29,1.93,3.29,0.21,1.04,0
2011-01-01,0.27,1.99,3.39,0.06,1.06,0
2011-02-01,0.29,2.26,3.58,0.25,1.24,0
2011-03-01,0.26,2.11,3.41,-0.09,0.96,0
2011-04-01,0.25,2.17,3.46,-0.14,0.86,0
2011-05-01,0.19,1.84,3.17,-0.34,0.78,0
2011-06-01,0.18,1.58,3.0,-0.38,0.76,0
2011-07-01,0.19,1.54,3.0,-0.49,0.62,0
2011-08-01,0.11,1.02,2.3,-0.75,0.14,0
2011-09-01,0.1,0.9,1.98,-0.72,0.08,0
2011-10-01,0.11,1.06,2.15,-0.63,0.19,0
2011-11-01,0.11,0.91,2.01,-0.85,0.0,0
2011-12-01,0.12,0.89,1.98,-0.78,-0.03,0
2012-01-01,0.12,0.84,1.97,-0.92,-0.11,0
2012-02-01,0.16,0.83,1.97,-1.11,-0.25,0
2012-03-01,0.19,1.02,2.17,-1.03,-0.14,0
2012-04-01,0.18,0.89,2.05,-1.06,-0.21,0
2012-05-01,0.19,0.76,1.8,-1.12,-0.34,0
2012-06-01,0.19,0.71,1.62,-1.05,-0.5,0
2012-07-01,0.19,0.62,1.53,-1.15,-0.6,0
2012-08-01,0.18,0.71,1.68,-1.19,-0.59,0
2012-09-01,0.18,0.67,1.72,-1.47,-0.71,0
2012-10-01,0.18,0.71,1.75,-1.47,-0.75,0
2012-11-01,0.18,0.67,1.65,-1.38,-0.77,0
2012-12-01,0.16,0.7,1.72,-1.4,-0.76,0
2013-01-01,0.15,0.81,1.91,-1.39,-0.61,0
2013-02-01,0.16,0.85,1.98,-1.39,-0.57,0
2013-03-01,0.15,0.82,1.96,-1.43,-0.59,0
2013-04-01,0.12,0.71,1.76,-1.38,-0.65,0
2013-05-01,0.12,0.84,1.93,-1.14,-0.36,0
2013-06-01,0.14,1.2,2.3,-0.59,0.25,0
2013-07-01,0.12,1.4,2.58,-0.45,0.46,0
2013-08-01,0.13,1.52,2.74,-0.33,0.55,0
2013-09-01,0.12,1.6,2.81,-0.17,0.66,0
2013-10-01,0.12,1.37,2.62,-0.41,0.43,0
2013-11-01,0.12,1.37,2.72,-0.38,0.55,0
2013-12-01,0.13,1.58,2.9,-0.09,0.74,0
2014-01-01,0.12,1.65,2.86,-0.09,0.63,0
2014-02-01,0.12,1.52,2.71,-0.26,0.55,0
2014-03-01,0.13,1.64,2.72,-0.14,0.56,0
2014-04-01,0.11,1.7,2.71,-0.11,0.54,0
2014-05-01,0.1,1.59,2.56,-0.34,0.37,0
2014-06-01,0.1,1.68,2.6,-0.29,0.37,0
2014-07-01,0.11,1.7,2.54,-0.27,0.28,0
2014-08-01,0.11,1.63,2.42,-0.21,0.22,0
2014-09-01,0.11,1.77,2.53,0.1,0.46,0
2014-10-01,0.1,1.55,2.3,0.06,0.38,0
2014-11-01,0.13,1.62,2.33,0.14,0.45,0
2014-12-01,0.21,1.64,2.21,0.37,0.51,0
2015-01-01,0.2,1.37,1.88,0.17,0.27,0
2015-02-01,0.22,1.47,1.98,0.11,0.26,0
2015-03-01,0.25,1.52,2.04,0.04,0.28,0
2015-04-01,0.23,1.35,1.94,-0.26,0.08,0
2015-05-01,0.24,1.54,2.2,-0.1,0.33,0
2015-06-01,0.28,1.68,2.36,0.05,0.5,0
2015-07-01,0.3,1.63,2.32,0.14,0.5,0
2015-08-01,0.38,1.54,2.17,0.31,0.56,0
2015-09-01,0.37,1.49,2.17,0.33,0.65,0
2015-10-01,0.26,1.39,2.07,0.21,0.57,0
2015-11-01,0.48,1.67,2.26,0.4,0.69,0
2015-12-01,0.65,1.7,2.24,0.46,0.73,0
2016-01-01,0.54,1.52,2.09,0.33,0.67,0
2016-02-01,0.53,1.22,1.78,0.14,0.47,0
2016-03-01,0.66,1.38,1.89,-0.03,0.34,0
2016-04-01,0.56,1.26,1.81,-0.22,0.19,0
2016-05-01,0.59,1.3,1.81,-0.22,0.21,0
2016-06-01,0.55,1.17,1.64,-0.27,0.17,0
2016-07-01,0.51,1.07,1.5,-0.32,0.04,0
2016-08-01,0.57,1.13,1.56,-0.17,0.09,0
2016-09-01,0.59,1.18,1.63,-0.17,0.12,0
2016-10-01,0.66,1.27,1.76,-0.26,0.1,0
2016-11-01,0.74,1.6,2.14,-0.07,0.32,0
2016-12-01,0.87,1.96,2.49,0.15,0.56,0
2017-01-01,0.83,1.92,2.43,0.03,0.42,0
2017-02-01,0.82,1.9,2.42,0.01,0.4,0
2017-03-01,1.01,2.01,2.48,0.18,0.49,0
2017-04-01,1.04,1.82,2.3,0.08,0.39,0
2017-05-01,1.12,1.84,2.3,0.09,0.47,0
2017-06-01,1.2,1.77,2.19,0.14,0.46,0
2017-07-01,1.22,1.87,2.32,0.23,0.55,0
2017-08-01,1.23,1.78,2.21,0.16,0.43,0
2017-09-01,1.28,1.8,2.2,0.12,0.37,0
2017-10-01,1.4,1.98,2.36,0.25,0.5,0
2017-11-01,1.56,2.05,2.35,0.3,0.5,0
2017-12-01,1.7,2.18,2.4,0.42,0.5,0
2018-01-01,1.8,2.38,2.58,0.45,0.54,0
2018-02-01,1.96,2.6,2.86,0.63,0.76,0
2018-03-01,2.06,2.63,2.84,0.61,0.75,0
2018-04-01,2.15,2.7,2.87,0.65,0.74,0
2018-05-01,2.27,2.82,2.98,0.72,0.84,0
2018-06-01,2.33,2.78,2.91,0.71,0.79,0
2018-07-01,2.39,2.78,2.89,0.74,0.77,0
2018-08-01,2.45,2.77,2.89,0.79,0.79,0
2018-09-01,2.56,2.89,3.0,0.89,0.88,0
2018-10-01,2.65,3.0,3.15,1.01,1.04,0
2018-11-01,2.7,2.95,3.12,1.1,1.11,0
2018-12-01,2.66,2.68,2.83,1.08,1.02,0
2019-01-01,2.58,2.54,2.71,0.91,0.92,0
2019-02-01,2.55,2.49,2.68,0.73,0.8,0
2019-03-01,2.49,2.37,2.57,0.56,0.66,0
2019-04-01,2.42,2.33,2.53,0.49,0.6,0
2019-05-01,2.34,2.19,2.4,0.48,0.57,0
2019-06-01,2.0,1.83,2.07,0.28,0.37,0
2019-07-01,1.96,1.83,2.06,0.25,0.31,0
2019-08-01,1.77,1.49,1.63,0.11,0.04,0
2019-09-01,1.8,1.57,1.7,0.17,0.11,0
2019-10-01,1.61,1.53,1.71,0.12,0.15,0
2019-11-01,1.57,1.64,1.81,0.09,0.17,0
2019-12-01,1.55,1.68,1.86,0.06,0.14,0
2020-01-01,1.53,1.56,1.76,-0.09,0.04,0
2020-02-01,1.41,1.32,1.5,-0.26,-0.11,0
2020-03-01,0.33,0.59,0.87,-0.08,-0.12,1
2020-04-01,0.18,0.39,0.66,-0.37,-0.45,1
2020-05-01,0.16,0.34,0.67,-0.43,-0.44,0
2020-06-01,0.18,0.34,0.73,-0.67,-0.54,0
2020-07-01,0.15,0.28,0.62,-1.03,-0.83,0
2020-08-01,0.13,0.27,0.65,-1.28,-1.01,0
2020-09-01,0.13,0.27,0.68,-1.26,-0.98,0
2020-10-01,0.13,0.34,0.79,-1.23,-0.92,0
2020-11-01,0.12,0.39,0.87,-1.24,-0.84,0
2020-12-01,0.1,0.39,0.93,-1.48,-0.98,0
2021-01-01,0.1,0.45,1.08,-1.66,-1.0,0
2021-02-01,0.07,0.54,1.26,-1.77,-0.92,0
2021-03-01,0.08,0.82,1.61,-1.67,-0.66,0
2021-04-01,0.06,0.86,1.64,-1.67,-0.71,0
2021-05-01,0.05,0.82,1.62,-1.83,-0.85,0
2021-06-01,0.07,0.84,1.52,-1.63,-0.82,0
2021-07-01,0.08,0.76,1.32,-1.73,-1.01,0
2021-08-01,0.07,0.77,1.28,-1.72,-1.07,0
2021-09-01,0.08,0.86,1.37,-1.63,-0.97,0
2021-10-01,0.11,1.11,1.58,-1.64,-0.95,0
2021-11-01,0.18,1.2,1.56,-1.78,-1.06,0
2021-12-01,0.3,1.23,1.47,-1.52,-0.99,0
2022-01-01,0.55,1.54,1.76,-1.26,-0.69,0
2022-02-01,1.0,1.81,1.93,-1.06,-0.52,0
2022-03-01,1.34,2.11,2.13,-1.3,-0.72,0
2022-04-01,1.89,2.78,2.75,-0.54,-0.14,0
2022-05-01,2.06,2.87,2.9,-0.15,0.21,0
2022-06-01,2.65,3.19,3.14,0.3,0.53,0
2022-07-01,3.02,2.96,2.9,0.38,0.53,0
2022-08-01,3.28,3.03,2.9,0.34,0.39,0
2022-09-01,3.89,3.7,3.52,1.25,1.14,0
2022-10-01,4.43,4.18,3.98,1.71,1.59,0
2022-11-01,4.73,4.06,3.89,1.61,1.52,0
2022-12-01,4.68,3.76,3.62,1.45,1.36,0
2023-01-01,4.69,3.64,3.53,1.41,1.29,0
2023-02-01,4.93,3.94,3.75,1.5,1.41,0
2023-03-01,4.68,3.82,3.66,1.45,1.36,0
2023-04-01,4.68,3.54,3.46,1.23,1.19,0
2023-05-01,4.91,3.59,3.57,1.44,1.36,0
2023-06-01,5.24,3.95,3.75,1.81,1.55,0
2023-07-01,5.37,4.14,3.9,1.93,1.6,0
2023-08-01,5.37,4.31,4.17,2.07,1.83,0
2023-09-01,5.44,4.49,4.38,2.23,2.04,0
2023-10-01,5.42,4.77,4.8,2.46,2.41,0
2023-11-01,5.28,4.49,4.5,2.24,2.2,0
2023-12-01,4.96,4.0,4.02,1.88,1.84,0
2024-01-01,4.79,3.98,4.06,1.76,1.79,0
2024-02-01,4.92,4.19,4.21,1.87,1.93,0
2024-03-01,4.99,4.2,4.21,1.82,1.9,0
2024-04-01,5.14,4.56,4.54,2.11,2.15,0
2024-05-01,5.16,4.5,4.48,2.17,2.15,0
2024-06-01,5.11,4.32,4.31,2.1,2.05,0
2024-07-01,4.9,4.16,4.25,1.98,1.97,0
2024-08-01,4.43,3.71,3.87,1.74,1.76,0
2024-09-01,4.03,3.5,3.72,1.53,1.62,0
2024-10-01,4.2,3.91,4.1,1.68,1.81,0
2024-11-01,4.33,4.23,4.36,1.84,2.03,0
2024-12-01,4.23,4.25,4.39,1.89,2.09,0
